
D:\dev\rizu\userdata\pkg\project_p>cd D:\dev\rizu 

D:\dev\rizu>bin\win64\lovec.exe . 
starting from current directory
package loaded: osu_ui
package loaded: radical_ui
thread init
count	161
query all: 26ms
size: 3864 bytes
luaopen_luamidi
thread init
count	161
query all: 14ms
size: 3864 bytes
Full Rebuild in: 15.000000 ms
SPRING_REALIGN	0	9	0	12613.333333333
SPRING_SCROLL_TO	9	0	409.52380952381	409.52380952381	4457.1428571429
connecting to websocket
Discord: ready (557417051103297557, _daiter_, 0, a843528f169170001fc91437b84fe87c)
SPRING_UPDATE_SCROLL	0	9	nil	false	false	idle	0	-17	10
SPRING_UPDATE_MOTION	0	4457.1428571429	409.52380952381	true	9
SPRING_UPDATE_RESULT	0	113.21428571429	2264.2857142857	true	9
SPRING_REALIGN	113.21428571429	9	409.52380952381	12613.333333333
Full Rebuild in: 16.000000 ms
SPRING_REALIGN	113.21428571429	9	409.52380952381	12613.333333333
SPRING_SCROLL_TO	9	113.21428571429	409.52380952381	296.30952380952	3777.8571428571
SPRING_UPDATE_SCROLL	113.21428571429	9	nil	false	false	idle	0	-1	0
SPRING_UPDATE_MOTION	113.21428571429	3777.8571428571	409.52380952381	true	9
SPRING_UPDATE_RESULT	113.21428571429	186.60980201322	2362.7346396429	true	9
SPRING_REALIGN	186.60980201322	9	409.52380952381	12613.333333333
SPRING_REALIGN	186.60980201322	9	409.52380952381	12613.333333333
load base skin
SPRING_UPDATE_SCROLL	186.60980201322	9	nil	false	false	idle	0	0	0
SPRING_UPDATE_MOTION	186.60980201322	2362.7346396429	409.52380952381	true	9
SPRING_UPDATE_RESULT	186.60980201322	220.59939881858	1980.1687623278	true	9
SPRING_REALIGN	220.59939881858	9	409.52380952381	12613.333333333
SPRING_REALIGN	220.59939881858	9	409.52380952381	12613.333333333
SPRING_UPDATE_SCROLL	220.59939881858	9	nil	false	false	idle	0	-3	0
SPRING_UPDATE_MOTION	220.59939881858	1980.1687623278	409.52380952381	true	9
SPRING_UPDATE_RESULT	220.59939881858	273.77860870539	1063.5841977362	true	9
SPRING_REALIGN	273.77860870539	9	409.52380952381	12613.333333333
SPRING_UPDATE_SCROLL	273.77860870539	9	nil	false	false	idle	0	-4	1
SPRING_UPDATE_MOTION	273.77860870539	1063.5841977362	409.52380952381	true	9
SPRING_UPDATE_RESULT	273.77860870539	304.02984473244	926.76088178221	true	9
SPRING_REALIGN	304.02984473244	9	409.52380952381	12613.333333333
SPRING_UPDATE_SCROLL	304.02984473244	9	nil	false	false	idle	0	-1	0
SPRING_UPDATE_MOTION	304.02984473244	926.76088178221	409.52380952381	true	9
SPRING_UPDATE_RESULT	304.02984473244	318.81894204413	823.24012979441	true	9
SPRING_REALIGN	318.81894204413	9	409.52380952381	12613.333333333
SPRING_UPDATE_SCROLL	318.81894204413	9	nil	false	false	idle	0	0	0
SPRING_UPDATE_MOTION	318.81894204413	823.24012979441	409.52380952381	true	9
SPRING_UPDATE_RESULT	318.81894204413	339.95117923755	636.96403157135	true	9
SPRING_REALIGN	339.95117923755	9	409.52380952381	12613.333333333
SPRING_UPDATE_SCROLL	339.95117923755	9	nil	false	false	idle	0	-2	1
SPRING_UPDATE_MOTION	339.95117923755	636.96403157135	409.52380952381	true	9
SPRING_UPDATE_RESULT	339.95117923755	356.07191572354	491.05170690508	true	9
SPRING_REALIGN	356.07191572354	9	409.52380952381	12613.333333333
SPRING_UPDATE_SCROLL	356.07191572354	9	nil	false	false	idle	0	0	0
SPRING_UPDATE_MOTION	356.07191572354	491.05170690508	409.52380952381	true	9
SPRING_UPDATE_RESULT	356.07191572354	363.05549624168	435.63790215875	true	9
SPRING_REALIGN	363.05549624168	9	409.52380952381	12613.333333333
SPRING_UPDATE_SCROLL	363.05549624168	9	nil	false	false	idle	0	-4	1
SPRING_UPDATE_MOTION	363.05549624168	435.63790215875	409.52380952381	true	9
SPRING_UPDATE_RESULT	363.05549624168	369.69613704451	379.18134441265	true	9
SPRING_REALIGN	369.69613704451	9	409.52380952381	12613.333333333
connected
check session
SPRING_UPDATE_SCROLL	369.69613704451	9	nil	false	false	idle	0	-1	1
SPRING_UPDATE_MOTION	369.69613704451	379.18134441265	409.52380952381	true	9
SPRING_UPDATE_RESULT	369.69613704451	375.02306170024	332.60849769758	true	9
SPRING_REALIGN	375.02306170024	9	409.52380952381	12613.333333333
SPRING_UPDATE_SCROLL	375.02306170024	9	nil	false	false	idle	0	-1	1
SPRING_UPDATE_MOTION	375.02306170024	332.60849769758	409.52380952381	true	9
SPRING_UPDATE_RESULT	375.02306170024	380.01476911152	286.99354406507	true	9
SPRING_REALIGN	380.01476911152	9	409.52380952381	12613.333333333
SPRING_UPDATE_SCROLL	380.01476911152	9	nil	false	false	idle	0	0	0
SPRING_UPDATE_MOTION	380.01476911152	286.99354406507	409.52380952381	true	9
SPRING_UPDATE_RESULT	380.01476911152	384.08378725463	249.36834789547	true	9
SPRING_REALIGN	384.08378725463	9	409.52380952381	12613.333333333
SPRING_UPDATE_SCROLL	384.08378725463	9	nil	false	false	idle	0	-3	0
SPRING_UPDATE_MOTION	384.08378725463	249.36834789547	409.52380952381	true	9
SPRING_UPDATE_RESULT	384.08378725463	387.64451859916	215.75744055935	true	9
SPRING_REALIGN	387.64451859916	9	409.52380952381	12613.333333333
SPRING_UPDATE_SCROLL	387.64451859916	9	nil	false	false	idle	0	-3	1
SPRING_UPDATE_MOTION	387.64451859916	215.75744055935	409.52380952381	true	9
SPRING_UPDATE_RESULT	387.64451859916	390.85680506237	184.73944762625	true	9
SPRING_REALIGN	390.85680506237	9	409.52380952381	12613.333333333
SPRING_UPDATE_SCROLL	390.85680506237	9	nil	false	false	idle	0	0	0
SPRING_UPDATE_MOTION	390.85680506237	184.73944762625	409.52380952381	true	9
SPRING_UPDATE_RESULT	390.85680506237	393.4248522365	160.05579251263	true	9
SPRING_REALIGN	393.4248522365	9	409.52380952381	12613.333333333
SPRING_UPDATE_SCROLL	393.4248522365	9	nil	false	false	idle	0	-2	0
SPRING_UPDATE_MOTION	393.4248522365	160.05579251263	409.52380952381	true	9
SPRING_UPDATE_RESULT	393.4248522365	395.75619601571	137.20001290049	true	9
SPRING_REALIGN	395.75619601571	9	409.52380952381	12613.333333333
SPRING_UPDATE_SCROLL	395.75619601571	9	nil	false	false	idle	0	-1	1
SPRING_UPDATE_MOTION	395.75619601571	137.20001290049	409.52380952381	true	9
SPRING_UPDATE_RESULT	395.75619601571	397.71762231918	117.93512894094	true	9
SPRING_REALIGN	397.71762231918	9	409.52380952381	12613.333333333
invalid session
SPRING_UPDATE_SCROLL	397.71762231918	9	nil	false	false	idle	0	-1	0
SPRING_UPDATE_MOTION	397.71762231918	117.93512894094	409.52380952381	true	9
SPRING_UPDATE_RESULT	397.71762231918	399.40369216479	101.281880282	true	9
SPRING_REALIGN	399.40369216479	9	409.52380952381	12613.333333333
SPRING_UPDATE_SCROLL	399.40369216479	9	nil	false	false	idle	0	-1	0
SPRING_UPDATE_MOTION	399.40369216479	101.281880282	409.52380952381	true	9
SPRING_UPDATE_RESULT	399.40369216479	400.85426321004	86.887076008011	true	9
SPRING_REALIGN	400.85426321004	9	409.52380952381	12613.333333333
SPRING_UPDATE_SCROLL	400.85426321004	9	nil	false	false	idle	0	-1	0
SPRING_UPDATE_MOTION	400.85426321004	86.887076008011	409.52380952381	true	9
SPRING_UPDATE_RESULT	400.85426321004	402.10421297787	74.431455868195	true	9
SPRING_REALIGN	402.10421297787	9	409.52380952381	12613.333333333
SPRING_UPDATE_SCROLL	402.10421297787	9	nil	false	false	idle	0	0	0
SPRING_UPDATE_MOTION	402.10421297787	74.431455868195	409.52380952381	true	9
SPRING_UPDATE_RESULT	402.10421297787	404.23221052613	42.731818338522	true	9
SPRING_REALIGN	404.23221052613	9	409.52380952381	12613.333333333
SPRING_UPDATE_SCROLL	404.23221052613	9	nil	false	false	idle	0	0	0
SPRING_UPDATE_MOTION	404.23221052613	42.731818338522	409.52380952381	true	9
SPRING_UPDATE_RESULT	404.23221052613	404.88646914494	39.498829921137	true	9
SPRING_REALIGN	404.88646914494	9	409.52380952381	12613.333333333
SPRING_UPDATE_SCROLL	404.88646914494	9	nil	false	false	idle	0	0	0
SPRING_UPDATE_MOTION	404.88646914494	39.498829921137	409.52380952381	true	9
SPRING_UPDATE_RESULT	404.88646914494	405.47809413039	35.827831735517	true	9
SPRING_REALIGN	405.47809413039	9	409.52380952381	12613.333333333
SPRING_UPDATE_SCROLL	405.47809413039	9	nil	false	false	idle	0	0	0
SPRING_UPDATE_MOTION	405.47809413039	35.827831735517	409.52380952381	true	9
SPRING_UPDATE_RESULT	405.47809413039	406.00678216591	32.066186027887	true	9
SPRING_REALIGN	406.00678216591	9	409.52380952381	12613.333333333
SPRING_UPDATE_SCROLL	406.00678216591	9	nil	false	false	idle	0	0	0
SPRING_UPDATE_MOTION	406.00678216591	32.066186027887	409.52380952381	true	9
SPRING_UPDATE_RESULT	406.00678216591	406.49109082534	28.274853720374	true	9
SPRING_REALIGN	406.49109082534	9	409.52380952381	12613.333333333
SPRING_UPDATE_SCROLL	406.49109082534	9	nil	false	false	idle	0	0	0
SPRING_UPDATE_MOTION	406.49109082534	28.274853720374	409.52380952381	true	9
SPRING_UPDATE_RESULT	406.49109082534	406.89928916598	24.888473373035	true	9
SPRING_REALIGN	406.89928916598	9	409.52380952381	12613.333333333
SPRING_UPDATE_SCROLL	406.89928916598	9	nil	false	false	idle	0	0	0
SPRING_UPDATE_MOTION	406.89928916598	24.888473373035	409.52380952381	true	9
SPRING_UPDATE_RESULT	406.89928916598	407.27007993975	21.64847638156	true	9
SPRING_REALIGN	407.27007993975	9	409.52380952381	12613.333333333
SPRING_UPDATE_SCROLL	407.27007993975	9	nil	false	false	idle	0	0	0
SPRING_UPDATE_MOTION	407.27007993975	21.64847638156	409.52380952381	true	9
SPRING_UPDATE_RESULT	407.27007993975	407.58280676238	18.837036124853	true	9
SPRING_REALIGN	407.58280676238	9	409.52380952381	12613.333333333
SPRING_UPDATE_SCROLL	407.58280676238	9	nil	false	false	idle	0	0	0
SPRING_UPDATE_MOTION	407.58280676238	18.837036124853	409.52380952381	true	9
SPRING_UPDATE_RESULT	407.58280676238	407.85293323063	16.347522890591	true	9
SPRING_REALIGN	407.85293323063	9	409.52380952381	12613.333333333
SPRING_UPDATE_SCROLL	407.85293323063	9	nil	false	false	idle	0	0	0
SPRING_UPDATE_MOTION	407.85293323063	16.347522890591	409.52380952381	true	9
SPRING_UPDATE_RESULT	407.85293323063	408.08977532169	14.116144918538	true	9
SPRING_REALIGN	408.08977532169	9	409.52380952381	12613.333333333
SPRING_UPDATE_SCROLL	408.08977532169	9	nil	false	false	idle	0	0	0
SPRING_UPDATE_MOTION	408.08977532169	14.116144918538	409.52380952381	true	9
SPRING_UPDATE_RESULT	408.08977532169	408.29069607447	12.201195871855	true	9
SPRING_REALIGN	408.29069607447	9	409.52380952381	12613.333333333
SPRING_UPDATE_SCROLL	408.29069607447	9	nil	false	false	idle	0	0	0
SPRING_UPDATE_MOTION	408.29069607447	12.201195871855	409.52380952381	true	9
SPRING_UPDATE_RESULT	408.29069607447	408.47126433556	10.445441671972	true	9
SPRING_REALIGN	408.47126433556	9	409.52380952381	12613.333333333
SPRING_UPDATE_SCROLL	408.47126433556	9	nil	false	false	idle	0	0	0
SPRING_UPDATE_MOTION	408.47126433556	10.445441671972	409.52380952381	true	9
SPRING_UPDATE_RESULT	408.47126433556	408.72064042827	7.5604253135412	true	9
SPRING_REALIGN	408.72064042827	9	409.52380952381	12613.333333333
SPRING_UPDATE_SCROLL	408.72064042827	9	nil	false	false	idle	0	0	0
SPRING_UPDATE_MOTION	408.72064042827	7.5604253135412	409.52380952381	true	9
SPRING_UPDATE_RESULT	408.72064042827	408.90700292397	5.7200098123477	true	9
SPRING_REALIGN	408.90700292397	9	409.52380952381	12613.333333333
SPRING_UPDATE_SCROLL	408.90700292397	9	nil	false	false	idle	0	0	0
SPRING_UPDATE_MOTION	408.90700292397	5.7200098123477	409.52380952381	true	9
SPRING_UPDATE_RESULT	408.90700292397	408.99397244069	5.0033952582201	true	9
SPRING_REALIGN	408.99397244069	9	409.52380952381	12613.333333333
SPRING_UPDATE_SCROLL	408.99397244069	9	nil	false	false	idle	0	0	0
SPRING_UPDATE_MOTION	408.99397244069	5.0033952582201	409.52380952381	true	9
SPRING_UPDATE_RESULT	408.99397244069	409.06628068829	4.3819196803645	true	9
SPRING_REALIGN	409.06628068829	9	409.52380952381	12613.333333333
SPRING_UPDATE_SCROLL	409.06628068829	9	nil	false	false	idle	0	0	0
SPRING_UPDATE_MOTION	409.06628068829	4.3819196803645	409.52380952381	true	9
SPRING_UPDATE_RESULT	409.06628068829	409.12849960838	3.8284561057015	true	9
SPRING_REALIGN	409.12849960838	9	409.52380952381	12613.333333333
SPRING_UPDATE_SCROLL	409.12849960838	9	nil	false	false	idle	0	0	0
SPRING_UPDATE_MOTION	409.12849960838	3.8284561057015	409.52380952381	true	9
SPRING_UPDATE_RESULT	409.12849960838	409.18443456706	3.3138983393309	true	9
SPRING_REALIGN	409.18443456706	9	409.52380952381	12613.333333333
SPRING_UPDATE_SCROLL	409.18443456706	9	nil	false	false	idle	0	0	0
SPRING_UPDATE_MOTION	409.18443456706	3.3138983393309	409.52380952381	true	9
SPRING_UPDATE_RESULT	409.18443456706	409.23309453967	2.8565038982326	true	9
SPRING_REALIGN	409.23309453967	9	409.52380952381	12613.333333333
SPRING_UPDATE_SCROLL	409.23309453967	9	nil	false	false	idle	0	0	0
SPRING_UPDATE_MOTION	409.23309453967	2.8565038982326	409.52380952381	true	9
SPRING_UPDATE_RESULT	409.23309453967	409.27421613042	2.4654709966443	true	9
SPRING_REALIGN	409.27421613042	9	409.52380952381	12613.333333333
SPRING_UPDATE_SCROLL	409.27421613042	9	nil	false	false	idle	0	0	0
SPRING_UPDATE_MOTION	409.27421613042	2.4654709966443	409.52380952381	true	9
SPRING_UPDATE_RESULT	409.27421613042	409.30930652735	2.1282256250175	true	9
SPRING_REALIGN	409.30930652735	9	409.52380952381	12613.333333333
SPRING_UPDATE_SCROLL	409.30930652735	9	nil	false	false	idle	0	0	0
SPRING_UPDATE_MOTION	409.30930652735	2.1282256250175	409.52380952381	true	9
SPRING_UPDATE_RESULT	409.30930652735	409.33848073394	1.8468428153719	true	9
SPRING_REALIGN	409.33848073394	9	409.52380952381	12613.333333333
SPRING_UPDATE_SCROLL	409.33848073394	9	nil	false	false	idle	0	0	0
SPRING_UPDATE_MOTION	409.33848073394	1.8468428153719	409.52380952381	true	9
SPRING_UPDATE_RESULT	409.33848073394	409.36585633906	1.5760097826483	true	9
SPRING_REALIGN	409.36585633906	9	409.52380952381	12613.333333333
SPRING_UPDATE_SCROLL	409.36585633906	9	nil	false	false	idle	0	0	0
SPRING_UPDATE_MOTION	409.36585633906	1.5760097826483	409.52380952381	true	9
SPRING_UPDATE_RESULT	409.36585633906	409.38859100857	1.3516691440623	true	9
SPRING_REALIGN	409.38859100857	9	409.52380952381	12613.333333333
SPRING_UPDATE_SCROLL	409.38859100857	9	nil	false	false	idle	0	0	0
SPRING_UPDATE_MOTION	409.38859100857	1.3516691440623	409.52380952381	true	9
SPRING_UPDATE_RESULT	409.38859100857	409.42095899558	0.96763257612972	true	9
SPRING_REALIGN	409.42095899558	9	409.52380952381	12613.333333333
SPRING_UPDATE_SCROLL	409.42095899558	9	nil	false	false	idle	0	0	0
SPRING_UPDATE_MOTION	409.42095899558	0.96763257612972	409.52380952381	true	9
SPRING_UPDATE_RESULT	409.42095899558	409.44497484695	0.73013375038522	true	9
SPRING_REALIGN	409.44497484695	9	409.52380952381	12613.333333333
SPRING_UPDATE_SCROLL	409.44497484695	9	nil	false	false	idle	0	0	0
SPRING_UPDATE_MOTION	409.44497484695	0.73013375038522	409.52380952381	true	9
SPRING_UPDATE_RESULT	409.44497484695	409.45589766453	0.64070586063778	true	9
SPRING_REALIGN	409.45589766453	9	409.52380952381	12613.333333333
SPRING_UPDATE_SCROLL	409.45589766453	9	nil	false	false	idle	0	0	0
SPRING_UPDATE_MOTION	409.45589766453	0.64070586063778	409.52380952381	true	9
SPRING_UPDATE_RESULT	409.45589766453	409.46550789542	0.55779712490489	true	9
SPRING_REALIGN	409.46550789542	9	409.52380952381	12613.333333333
sync difftables	0	0
SPRING_UPDATE_SCROLL	409.46550789542	9	nil	false	false	idle	0	0	0
SPRING_UPDATE_MOTION	409.46550789542	0.55779712490489	409.52380952381	true	9
SPRING_UPDATE_RESULT	409.46550789542	409.47313377448	0.49056165640633	true	9
SPRING_REALIGN	409.47313377448	9	409.52380952381	12613.333333333
SPRING_UPDATE_SCROLL	409.47313377448	9	nil	false	false	idle	0	0	0
SPRING_UPDATE_MOTION	409.47313377448	0.49056165640633	409.52380952381	true	9
SPRING_UPDATE_RESULT	409.47313377448	409.48042289169	0.42337235802974	true	9
SPRING_REALIGN	409.48042289169	9	409.52380952381	12613.333333333
SPRING_UPDATE_SCROLL	409.48042289169	9	nil	false	false	idle	0	0	0
SPRING_UPDATE_MOTION	409.48042289169	0.42337235802974	409.52380952381	true	9
SPRING_UPDATE_RESULT	409.48042289169	409.48666362936	0.36476557040591	true	9
SPRING_REALIGN	409.48666362936	9	409.52380952381	12613.333333333
SPRING_UPDATE_SCROLL	409.48666362936	9	nil	false	false	idle	0	0	0
SPRING_UPDATE_MOTION	409.48666362936	0.36476557040591	409.52380952381	true	9
SPRING_UPDATE_RESULT	409.48666362936	409.49186158804	0.31550392290878	true	9
SPRING_REALIGN	409.49186158804	9	409.52380952381	12613.333333333
SPRING_UPDATE_SCROLL	409.49186158804	9	nil	false	false	idle	0	0	0
SPRING_UPDATE_MOTION	409.49186158804	0.31550392290878	409.52380952381	true	9
SPRING_UPDATE_RESULT	409.49186158804	409.49644448706	0.2713123103533	true	9
SPRING_REALIGN	409.49644448706	9	409.52380952381	12613.333333333
SPRING_UPDATE_SCROLL	409.49644448706	9	nil	false	false	idle	0	0	0
SPRING_UPDATE_MOTION	409.49644448706	0.2713123103533	409.52380952381	true	9
SPRING_UPDATE_RESULT	409.49644448706	409.50005848655	0.23668868178673	true	9
SPRING_REALIGN	409.50005848655	9	409.52380952381	12613.333333333
SPRING_UPDATE_SCROLL	409.50005848655	9	nil	false	false	idle	0	0	0
SPRING_UPDATE_MOTION	409.50005848655	0.23668868178673	409.52380952381	true	9
SPRING_UPDATE_RESULT	409.50005848655	409.50363713016	0.20113440171472	true	9
SPRING_REALIGN	409.50363713016	9	409.52380952381	12613.333333333
SPRING_UPDATE_SCROLL	409.50363713016	9	nil	false	false	pressed	0	0	0
SPRING_STOP_MOTION	409.50363713016	0.20113440171472	409.52380952381	9
SPRING_PRESS	1132	356	409.50363713016
SPRING_UPDATE_MOTION	409.50363713016	0	409.52380952381	false	9
SPRING_START_SNAP	409.50363713016	409.52380952381	81.904761904762
SPRING_UPDATE_RESULT	409.50363713016	409.50363713016	0	true	9
SPRING_REALIGN	409.50363713016	9	409.52380952381	12613.333333333
SPRING_SCROLL_TO	9	409.50363713016	409.52380952381	0.020172393648465	2000.1210343619
BUTTON_PRESS	365	881.33333333333	337.06779144127	372	75.238095238095
SPRING_UPDATE_SCROLL	409.50363713016	9	false	true	false	held	0	0	1
SPRING_DRAG_PENDING	1132	356	1132	357	1
SPRING_UPDATE_MOTION	409.50363713016	2000.1210343619	409.52380952381	true	9
SPRING_UPDATE_RESULT	409.50363713016	421.33537489788	360.89095458026	true	9
SPRING_REALIGN	421.33537489788	9	409.52380952381	12613.333333333
SPRING_UPDATE_SCROLL	421.33537489788	9	false	true	false	held	0	0	0
SPRING_DRAG_PENDING	1132	356	1132	357	1
SPRING_UPDATE_MOTION	421.33537489788	360.89095458026	409.52380952381	true	9
SPRING_UPDATE_RESULT	421.33537489788	424.29398482627	170.38954194275	true	9
SPRING_REALIGN	424.29398482627	9	409.52380952381	12613.333333333
SPRING_UPDATE_SCROLL	424.29398482627	9	false	true	false	held	0	0	0
SPRING_DRAG_PENDING	1132	356	1132	357	1
SPRING_UPDATE_MOTION	424.29398482627	170.38954194275	409.52380952381	true	9
SPRING_UPDATE_RESULT	424.29398482627	425.25810347464	56.881834176094	true	9
SPRING_REALIGN	425.25810347464	9	409.52380952381	12613.333333333
SPRING_UPDATE_SCROLL	425.25810347464	9	false	true	false	released	0	0	0
SPRING_DRAG_RELEASE	false	0	425.25810347464	56.881834176094
SPRING_UPDATE_MOTION	425.25810347464	56.881834176094	409.52380952381	true	9
SPRING_UPDATE_RESULT	425.25810347464	425.11007946485	-9.0247536757583	true	9
SPRING_REALIGN	425.11007946485	9	409.52380952381	12613.333333333
BUTTON_RELEASE	true	365	365
ACTION_SELECT_BEATMAP	9	true
ACTION_SELECT_SCROLL_TO	9	9
Full Rebuild in: 29.000000 ms
SPRING_REALIGN	425.11007946485	9	409.52380952381	12613.333333333
SPRING_UPDATE_SCROLL	425.11007946485	9	false	false	false	idle	0	0	0
SPRING_UPDATE_MOTION	425.11007946485	-9.0247536757583	409.52380952381	true	9
SPRING_UPDATE_RESULT	425.11007946485	418.79355253512	-126.33053859462	true	9
SPRING_REALIGN	418.79355253512	9	409.52380952381	12613.333333333
SPRING_UPDATE_SCROLL	418.79355253512	9	false	false	false	idle	0	0	0
SPRING_UPDATE_MOTION	418.79355253512	-126.33053859462	409.52380952381	true	9
SPRING_UPDATE_RESULT	418.79355253512	417.15991124511	-99.621385493227	true	9
SPRING_REALIGN	417.15991124511	9	409.52380952381	12613.333333333
SPRING_UPDATE_SCROLL	417.15991124511	9	false	false	false	idle	0	0	0
SPRING_UPDATE_MOTION	417.15991124511	-99.621385493227	409.52380952381	true	9
SPRING_UPDATE_RESULT	417.15991124511	415.83191299251	-78.912236915329	true	9
SPRING_REALIGN	415.83191299251	9	409.52380952381	12613.333333333
SPRING_UPDATE_SCROLL	415.83191299251	9	false	false	false	idle	0	0	0
SPRING_UPDATE_MOTION	415.83191299251	-78.912236915329	409.52380952381	true	9
SPRING_UPDATE_RESULT	415.83191299251	414.79340878681	-63.724033754826	true	9
SPRING_REALIGN	414.79340878681	9	409.52380952381	12613.333333333
SPRING_UPDATE_SCROLL	414.79340878681	9	false	false	false	idle	0	0	0
SPRING_UPDATE_MOTION	414.79340878681	-63.724033754826	409.52380952381	true	9
SPRING_UPDATE_RESULT	414.79340878681	413.93177481088	-51.65330679202	true	9
SPRING_REALIGN	413.93177481088	9	409.52380952381	12613.333333333
SPRING_UPDATE_SCROLL	413.93177481088	9	false	false	false	idle	0	0	0
SPRING_UPDATE_MOTION	413.93177481088	-51.65330679202	409.52380952381	true	9
SPRING_UPDATE_RESULT	413.93177481088	413.23550729515	-42.388909801284	true	9
SPRING_REALIGN	413.23550729515	9	409.52380952381	12613.333333333
SPRING_UPDATE_SCROLL	413.23550729515	9	false	false	false	idle	0	0	0
SPRING_UPDATE_MOTION	413.23550729515	-42.388909801284	409.52380952381	true	9
SPRING_UPDATE_RESULT	413.23550729515	412.67076468139	-35.215857087494	true	9
SPRING_REALIGN	412.67076468139	9	409.52380952381	12613.333333333
SPRING_UPDATE_SCROLL	412.67076468139	9	false	false	false	idle	0	0	0
SPRING_UPDATE_MOTION	412.67076468139	-35.215857087494	409.52380952381	true	9
SPRING_UPDATE_RESULT	412.67076468139	411.89606299322	-23.108523263976	true	9
SPRING_REALIGN	411.89606299322	9	409.52380952381	12613.333333333
SPRING_UPDATE_SCROLL	411.89606299322	9	false	false	false	idle	0	0	0
SPRING_UPDATE_MOTION	411.89606299322	-23.108523263976	409.52380952381	true	9
SPRING_UPDATE_RESULT	411.89606299322	411.54664655805	-19.825158450648	true	9
SPRING_REALIGN	411.54664655805	9	409.52380952381	12613.333333333
SPRING_UPDATE_SCROLL	411.54664655805	9	false	false	false	idle	0	0	0
SPRING_UPDATE_MOTION	411.54664655805	-19.825158450648	409.52380952381	true	9
SPRING_UPDATE_RESULT	411.54664655805	411.26564639283	-17.17730916757	true	9
SPRING_REALIGN	411.26564639283	9	409.52380952381	12613.333333333
SPRING_UPDATE_SCROLL	411.26564639283	9	false	false	false	idle	0	0	0
SPRING_UPDATE_MOTION	411.26564639283	-17.17730916757	409.52380952381	true	9
SPRING_UPDATE_RESULT	411.26564639283	411.01489113742	-14.765248098876	true	9
SPRING_REALIGN	411.01489113742	9	409.52380952381	12613.333333333
SPRING_UPDATE_SCROLL	411.01489113742	9	false	false	false	idle	0	0	0
SPRING_UPDATE_MOTION	411.01489113742	-14.765248098876	409.52380952381	true	9
SPRING_UPDATE_RESULT	411.01489113742	410.80643471966	-12.753060013621	true	9
SPRING_REALIGN	410.80643471966	9	409.52380952381	12613.333333333
SPRING_UPDATE_SCROLL	410.80643471966	9	false	false	false	idle	0	0	0
SPRING_UPDATE_MOTION	410.80643471966	-12.753060013621	409.52380952381	true	9
SPRING_UPDATE_RESULT	410.80643471966	410.62083115235	-10.933356541767	true	9
SPRING_REALIGN	410.62083115235	9	409.52380952381	12613.333333333
SPRING_UPDATE_SCROLL	410.62083115235	9	false	false	false	idle	0	0	0
SPRING_UPDATE_MOTION	410.62083115235	-10.933356541767	409.52380952381	true	9
SPRING_UPDATE_RESULT	410.62083115235	410.46527072611	-9.4065261515448	true	9
SPRING_REALIGN	410.46527072611	9	409.52380952381	12613.333333333
SPRING_UPDATE_SCROLL	410.46527072611	9	false	false	false	idle	0	0	0
SPRING_UPDATE_MOTION	410.46527072611	-9.4065261515448	409.52380952381	true	9
SPRING_UPDATE_RESULT	410.46527072611	410.3334061842	-8.108404011055	true	9
SPRING_REALIGN	410.3334061842	9	409.52380952381	12613.333333333
SPRING_UPDATE_SCROLL	410.3334061842	9	false	false	false	idle	0	0	0
SPRING_UPDATE_MOTION	410.3334061842	-8.108404011055	409.52380952381	true	9
SPRING_UPDATE_RESULT	410.3334061842	410.21674390805	-6.9476569328947	true	9
SPRING_REALIGN	410.21674390805	9	409.52380952381	12613.333333333
SPRING_UPDATE_SCROLL	410.21674390805	9	false	false	false	idle	0	0	0
SPRING_UPDATE_MOTION	410.21674390805	-6.9476569328947	409.52380952381	true	9
SPRING_UPDATE_RESULT	410.21674390805	410.11816184263	-5.9670039354693	true	9
SPRING_REALIGN	410.11816184263	9	409.52380952381	12613.333333333
SPRING_UPDATE_SCROLL	410.11816184263	9	false	false	false	idle	0	0	0
SPRING_UPDATE_MOTION	410.11816184263	-5.9670039354693	409.52380952381	true	9
SPRING_UPDATE_RESULT	410.11816184263	410.03600548247	-5.1520318163344	true	9
SPRING_REALIGN	410.03600548247	9	409.52380952381	12613.333333333
SPRING_UPDATE_SCROLL	410.03600548247	9	false	false	false	idle	0	0	0
SPRING_UPDATE_MOTION	410.03600548247	-5.1520318163344	409.52380952381	true	9
SPRING_UPDATE_RESULT	410.03600548247	409.91122247609	-3.6293014791424	true	9
SPRING_REALIGN	409.91122247609	9	409.52380952381	12613.333333333
SPRING_UPDATE_SCROLL	409.91122247609	9	false	false	false	idle	0	0	0
SPRING_UPDATE_MOTION	409.91122247609	-3.6293014791424	409.52380952381	true	9
SPRING_UPDATE_RESULT	409.91122247609	409.82013949426	-2.737189208709	true	9
SPRING_REALIGN	409.82013949426	9	409.52380952381	12613.333333333
SPRING_UPDATE_SCROLL	409.82013949426	9	false	false	false	idle	0	0	0
SPRING_UPDATE_MOTION	409.82013949426	-2.737189208709	409.52380952381	true	9
SPRING_UPDATE_RESULT	409.82013949426	409.77976890281	-2.4099399734112	true	9
SPRING_REALIGN	409.77976890281	9	409.52380952381	12613.333333333
SPRING_UPDATE_SCROLL	409.77976890281	9	false	false	false	pressed	0	0	0
SPRING_STOP_MOTION	409.77976890281	-2.4099399734112	409.52380952381	9
SPRING_PRESS	1132	357	409.77976890281
SPRING_UPDATE_MOTION	409.77976890281	0	409.52380952381	false	9
SPRING_START_SNAP	409.77976890281	409.52380952381	81.904761904762
SPRING_UPDATE_RESULT	409.77976890281	409.77976890281	0	true	9
SPRING_REALIGN	409.77976890281	9	409.52380952381	12613.333333333
SPRING_SCROLL_TO	9	409.77976890281	409.52380952381	-0.25595937899834	-2001.535756274
BUTTON_PRESS	604	881.33333333333	336.79165966862	372	75.238095238095
SPRING_UPDATE_SCROLL	409.77976890281	9	false	true	false	held	0	0	0
SPRING_DRAG_PENDING	1132	357	1132	357	0
SPRING_UPDATE_MOTION	409.77976890281	-2001.535756274	409.52380952381	true	9
SPRING_UPDATE_RESULT	409.77976890281	390.39315028247	-1180.433811739	true	9
SPRING_REALIGN	390.39315028247	9	409.52380952381	12613.333333333
SPRING_UPDATE_SCROLL	390.39315028247	9	false	true	false	held	0	0	0
SPRING_DRAG_PENDING	1132	357	1132	357	0
SPRING_UPDATE_MOTION	390.39315028247	-1180.433811739	409.52380952381	true	9
SPRING_UPDATE_RESULT	390.39315028247	379.80834703324	-640.99043487844	true	9
SPRING_REALIGN	379.80834703324	9	409.52380952381	12613.333333333
SPRING_UPDATE_SCROLL	379.80834703324	9	false	true	false	held	0	0	0
SPRING_DRAG_PENDING	1132	357	1132	357	0
SPRING_UPDATE_MOTION	379.80834703324	-640.99043487844	409.52380952381	true	9
SPRING_UPDATE_RESULT	379.80834703324	374.95048435181	-288.04916075741	true	9
SPRING_REALIGN	374.95048435181	9	409.52380952381	12613.333333333
SPRING_UPDATE_SCROLL	374.95048435181	9	false	true	false	held	0	0	0
SPRING_DRAG_PENDING	1132	357	1132	357	0
SPRING_UPDATE_MOTION	374.95048435181	-288.04916075741	409.52380952381	true	9
SPRING_UPDATE_RESULT	374.95048435181	373.71882164359	-74.400927138846	true	9
SPRING_REALIGN	373.71882164359	9	409.52380952381	12613.333333333
SPRING_UPDATE_SCROLL	373.71882164359	9	false	true	false	held	0	0	0
SPRING_DRAG_PENDING	1132	357	1132	357	0
SPRING_UPDATE_MOTION	373.71882164359	-74.400927138846	409.52380952381	true	9
SPRING_UPDATE_RESULT	373.71882164359	374.66031286991	56.058495863317	true	9
SPRING_REALIGN	374.66031286991	9	409.52380952381	12613.333333333
SPRING_UPDATE_SCROLL	374.66031286991	9	false	true	false	released	0	0	0
SPRING_DRAG_RELEASE	false	0	374.66031286991	56.058495863317
SPRING_UPDATE_MOTION	374.66031286991	56.058495863317	409.52380952381	true	9
SPRING_UPDATE_RESULT	374.66031286991	376.76084676014	127.65400520367	true	9
SPRING_REALIGN	376.76084676014	9	409.52380952381	12613.333333333
BUTTON_RELEASE	true	604	595
SPRING_UPDATE_SCROLL	376.76084676014	9	false	false	false	idle	0	0	0
SPRING_UPDATE_MOTION	376.76084676014	127.65400520367	409.52380952381	true	9
SPRING_UPDATE_RESULT	376.76084676014	379.47032704577	164.19699453547	true	9
SPRING_REALIGN	379.47032704577	9	409.52380952381	12613.333333333
SPRING_UPDATE_SCROLL	379.47032704577	9	false	false	false	idle	0	0	0
SPRING_UPDATE_MOTION	379.47032704577	164.19699453547	409.52380952381	true	9
SPRING_UPDATE_RESULT	379.47032704577	385.95174140569	192.88947761352	true	9
SPRING_REALIGN	385.95174140569	9	409.52380952381	12613.333333333
SPRING_UPDATE_SCROLL	385.95174140569	9	false	false	false	idle	0	0	0
SPRING_UPDATE_MOTION	385.95174140569	192.88947761352	409.52380952381	true	9
SPRING_UPDATE_RESULT	385.95174140569	391.33075152754	161.89549263369	true	9
SPRING_REALIGN	391.33075152754	9	409.52380952381	12613.333333333
SPRING_UPDATE_SCROLL	391.33075152754	9	false	false	false	idle	0	0	0
SPRING_UPDATE_MOTION	391.33075152754	161.89549263369	409.52380952381	true	9
SPRING_UPDATE_RESULT	391.33075152754	393.74846593055	144.38856956061	true	9
SPRING_REALIGN	393.74846593055	9	409.52380952381	12613.333333333
SPRING_UPDATE_SCROLL	393.74846593055	9	false	false	false	idle	0	0	0
SPRING_UPDATE_MOTION	393.74846593055	144.38856956061	409.52380952381	true	9
SPRING_UPDATE_RESULT	393.74846593055	395.88355728049	127.53362024287	true	9
SPRING_REALIGN	395.88355728049	9	409.52380952381	12613.333333333
SPRING_UPDATE_SCROLL	395.88355728049	9	false	false	false	idle	0	0	0
SPRING_UPDATE_MOTION	395.88355728049	127.53362024287	409.52380952381	true	9
SPRING_UPDATE_RESULT	395.88355728049	397.73104714371	112.07640426753	true	9
SPRING_REALIGN	397.73104714371	9	409.52380952381	12613.333333333
SPRING_UPDATE_SCROLL	397.73104714371	9	false	false	false	idle	0	0	0
SPRING_UPDATE_MOTION	397.73104714371	112.07640426753	409.52380952381	true	9
SPRING_UPDATE_RESULT	397.73104714371	399.35678669734	97.853001584763	true	9
SPRING_REALIGN	399.35678669734	9	409.52380952381	12613.333333333
SPRING_UPDATE_SCROLL	399.35678669734	9	false	false	false	idle	0	0	0
SPRING_UPDATE_MOTION	399.35678669734	97.853001584763	409.52380952381	true	9
SPRING_UPDATE_RESULT	399.35678669734	400.7916177721	84.853548287209	true	9
SPRING_REALIGN	400.7916177721	9	409.52380952381	12613.333333333
SPRING_UPDATE_SCROLL	400.7916177721	9	false	false	false	idle	0	0	0
SPRING_UPDATE_MOTION	400.7916177721	84.853548287209	409.52380952381	true	9
SPRING_UPDATE_RESULT	400.7916177721	402.03843070733	73.273835801	true	9
SPRING_REALIGN	402.03843070733	9	409.52380952381	12613.333333333
SPRING_UPDATE_SCROLL	402.03843070733	9	false	false	false	idle	0	0	0
SPRING_UPDATE_MOTION	402.03843070733	73.273835801	409.52380952381	true	9
SPRING_UPDATE_RESULT	402.03843070733	403.09782786479	63.28386164393	true	9
SPRING_REALIGN	403.09782786479	9	409.52380952381	12613.333333333
SPRING_UPDATE_SCROLL	403.09782786479	9	false	false	false	idle	0	0	0
SPRING_UPDATE_MOTION	403.09782786479	63.28386164393	409.52380952381	true	9
SPRING_UPDATE_RESULT	403.09782786479	403.98345609761	54.860081074206	true	9
SPRING_REALIGN	403.98345609761	9	409.52380952381	12613.333333333
SPRING_UPDATE_SCROLL	403.98345609761	9	false	false	false	idle	0	0	0
SPRING_UPDATE_MOTION	403.98345609761	54.860081074206	409.52380952381	true	9
SPRING_UPDATE_RESULT	403.98345609761	404.74242701257	47.562018797444	true	9
SPRING_REALIGN	404.74242701257	9	409.52380952381	12613.333333333
SPRING_UPDATE_SCROLL	404.74242701257	9	false	false	false	idle	0	0	0
SPRING_UPDATE_MOTION	404.74242701257	47.562018797444	409.52380952381	true	9
SPRING_UPDATE_RESULT	404.74242701257	405.44992092645	40.587325968373	true	9
SPRING_REALIGN	405.44992092645	9	409.52380952381	12613.333333333
SPRING_UPDATE_SCROLL	405.44992092645	9	false	false	false	idle	0	0	0
SPRING_UPDATE_MOTION	405.44992092645	40.587325968373	409.52380952381	true	9
SPRING_UPDATE_RESULT	405.44992092645	406.40770476903	29.447891681602	true	9
SPRING_REALIGN	406.40770476903	9	409.52380952381	12613.333333333
SPRING_UPDATE_SCROLL	406.40770476903	9	false	false	false	idle	0	0	0
SPRING_UPDATE_MOTION	406.40770476903	29.447891681602	409.52380952381	true	9
SPRING_UPDATE_RESULT	406.40770476903	406.85690132954	25.543140517692	true	9
SPRING_REALIGN	406.85690132954	9	409.52380952381	12613.333333333
SPRING_UPDATE_SCROLL	406.85690132954	9	false	false	false	idle	0	0	0
SPRING_UPDATE_MOTION	406.85690132954	25.543140517692	409.52380952381	true	9
SPRING_UPDATE_RESULT	406.85690132954	407.22605273181	22.249026763966	true	9
SPRING_REALIGN	407.22605273181	9	409.52380952381	12613.333333333
SPRING_UPDATE_SCROLL	407.22605273181	9	false	false	false	idle	0	0	0
SPRING_UPDATE_MOTION	407.22605273181	22.249026763966	409.52380952381	true	9
SPRING_UPDATE_RESULT	407.22605273181	407.54888410113	19.284336840962	true	9
SPRING_REALIGN	407.54888410113	9	409.52380952381	12613.333333333
SPRING_UPDATE_SCROLL	407.54888410113	9	false	false	false	idle	0	0	0
SPRING_UPDATE_MOTION	407.54888410113	19.284336840962	409.52380952381	true	9
SPRING_UPDATE_RESULT	407.54888410113	407.82679568441	16.681267416546	true	9
SPRING_REALIGN	407.82679568441	9	409.52380952381	12613.333333333
SPRING_UPDATE_SCROLL	407.82679568441	9	false	false	false	idle	0	0	0
SPRING_UPDATE_MOTION	407.82679568441	16.681267416546	409.52380952381	true	9
SPRING_UPDATE_RESULT	407.82679568441	408.06628344463	14.402853066417	true	9
SPRING_REALIGN	408.06628344463	9	409.52380952381	12613.333333333
SPRING_UPDATE_SCROLL	408.06628344463	9	false	false	false	idle	0	0	0
SPRING_UPDATE_MOTION	408.06628344463	14.402853066417	409.52380952381	true	9
SPRING_UPDATE_RESULT	408.06628344463	408.27184321638	12.424433764431	true	9
SPRING_REALIGN	408.27184321638	9	409.52380952381	12613.333333333
SPRING_UPDATE_SCROLL	408.27184321638	9	false	false	false	idle	0	0	0
SPRING_UPDATE_MOTION	408.27184321638	12.424433764431	409.52380952381	true	9
SPRING_UPDATE_RESULT	408.27184321638	408.44350028284	10.765573312472	true	9
SPRING_REALIGN	408.44350028284	9	409.52380952381	12613.333333333
SPRING_UPDATE_SCROLL	408.44350028284	9	false	false	false	idle	0	0	0
SPRING_UPDATE_MOTION	408.44350028284	10.765573312472	409.52380952381	true	9
SPRING_UPDATE_RESULT	408.44350028284	408.60242306987	9.1946325296048	true	9
SPRING_REALIGN	408.60242306987	9	409.52380952381	12613.333333333
SPRING_UPDATE_SCROLL	408.60242306987	9	false	false	false	pressed	0	0	0
SPRING_STOP_MOTION	408.60242306987	9.1946325296048	409.52380952381	9
SPRING_PRESS	1132	357	408.60242306987
SPRING_UPDATE_MOTION	408.60242306987	0	409.52380952381	false	9
SPRING_START_SNAP	408.60242306987	409.52380952381	81.904761904762
SPRING_UPDATE_RESULT	408.60242306987	408.60242306987	0	true	9
BUTTON_PRESS	604	881.33333333333	337.96900550155	372	75.238095238095
SPRING_UPDATE_SCROLL	408.60242306987	9	false	true	false	held	0	0	0
SPRING_DRAG_PENDING	1132	357	1132	357	0
SPRING_UPDATE_MOTION	408.60242306987	0	409.52380952381	true	9
SPRING_UPDATE_RESULT	408.60242306987	408.64158215578	2.4399400536229	true	9
SPRING_REALIGN	408.64158215578	9	409.52380952381	12613.333333333
SPRING_SCROLL_TO	9	408.64158215578	409.52380952381	0.88222736802709	2005.2933642082
SPRING_UPDATE_SCROLL	408.64158215578	9	false	true	false	held	0	0	0
SPRING_DRAG_PENDING	1132	357	1132	357	0
SPRING_UPDATE_MOTION	408.64158215578	2005.2933642082	409.52380952381	true	9
SPRING_UPDATE_RESULT	408.64158215578	419.95887723052	339.63432791352	true	9
SPRING_REALIGN	419.95887723052	9	409.52380952381	12613.333333333
SPRING_UPDATE_SCROLL	419.95887723052	9	false	true	false	released	0	0	0
SPRING_DRAG_RELEASE	false	0	419.95887723052	339.63432791352
SPRING_UPDATE_MOTION	419.95887723052	339.63432791352	409.52380952381	true	9
SPRING_UPDATE_RESULT	419.95887723052	422.78243420115	168.44385540627	true	9
SPRING_REALIGN	422.78243420115	9	409.52380952381	12613.333333333
BUTTON_RELEASE	true	604	604
ACTION_SELECT_BEATMAP	9	true
ACTION_SELECT_SCROLL_TO	9	9
Full Rebuild in: 17.000000 ms
SPRING_REALIGN	422.78243420115	9	409.52380952381	12613.333333333
SPRING_UPDATE_SCROLL	422.78243420115	9	false	false	false	idle	0	0	0
SPRING_UPDATE_MOTION	422.78243420115	168.44385540627	409.52380952381	true	9
SPRING_UPDATE_RESULT	422.78243420115	421.27495928662	-45.158586850672	true	9
SPRING_REALIGN	421.27495928662	9	409.52380952381	12613.333333333
SPRING_UPDATE_SCROLL	421.27495928662	9	false	false	false	idle	0	0	0
SPRING_UPDATE_MOTION	421.27495928662	-45.158586850672	409.52380952381	true	9
SPRING_UPDATE_RESULT	421.27495928662	420.33424574941	-58.241303690236	true	9
SPRING_REALIGN	420.33424574941	9	409.52380952381	12613.333333333
SPRING_UPDATE_SCROLL	420.33424574941	9	false	false	false	idle	0	0	0
SPRING_UPDATE_MOTION	420.33424574941	-58.241303690236	409.52380952381	true	9
SPRING_UPDATE_RESULT	420.33424574941	419.26518127492	-63.737604975378	true	9
SPRING_REALIGN	419.26518127492	9	409.52380952381	12613.333333333
SPRING_UPDATE_SCROLL	419.26518127492	9	false	false	false	idle	0	0	0
SPRING_UPDATE_MOTION	419.26518127492	-63.737604975378	409.52380952381	true	9
SPRING_UPDATE_RESULT	419.26518127492	418.18201433455	-63.972722194259	true	9
SPRING_REALIGN	418.18201433455	9	409.52380952381	12613.333333333
SPRING_UPDATE_SCROLL	418.18201433455	9	false	false	false	idle	0	0	0
SPRING_UPDATE_MOTION	418.18201433455	-63.972722194259	409.52380952381	true	9
SPRING_UPDATE_RESULT	418.18201433455	417.17814074959	-61.171147527018	true	9
SPRING_REALIGN	417.17814074959	9	409.52380952381	12613.333333333
SPRING_UPDATE_SCROLL	417.17814074959	9	false	false	false	idle	0	0	0
SPRING_UPDATE_MOTION	417.17814074959	-61.171147527018	409.52380952381	true	9
SPRING_UPDATE_RESULT	417.17814074959	416.21527938505	-56.644235018819	true	9
SPRING_REALIGN	416.21527938505	9	409.52380952381	12613.333333333
SPRING_UPDATE_SCROLL	416.21527938505	9	false	false	false	idle	0	0	0
SPRING_UPDATE_MOTION	416.21527938505	-56.644235018819	409.52380952381	true	9
SPRING_UPDATE_RESULT	416.21527938505	415.40574127149	-51.764720666396	true	9
SPRING_REALIGN	415.40574127149	9	409.52380952381	12613.333333333
SPRING_UPDATE_SCROLL	415.40574127149	9	false	false	false	idle	0	0	0
SPRING_UPDATE_MOTION	415.40574127149	-51.764720666396	409.52380952381	true	9
SPRING_UPDATE_RESULT	415.40574127149	414.58733739537	-46.008504344207	true	9
SPRING_REALIGN	414.58733739537	9	409.52380952381	12613.333333333
SPRING_UPDATE_SCROLL	414.58733739537	9	false	false	false	idle	0	0	0
SPRING_UPDATE_MOTION	414.58733739537	-46.008504344207	409.52380952381	true	9
SPRING_UPDATE_RESULT	414.58733739537	413.94476857348	-41.086276536219	true	9
SPRING_REALIGN	413.94476857348	9	409.52380952381	12613.333333333
SPRING_UPDATE_SCROLL	413.94476857348	9	false	false	false	idle	0	0	0
SPRING_UPDATE_MOTION	413.94476857348	-41.086276536219	409.52380952381	true	9
SPRING_UPDATE_RESULT	413.94476857348	412.88726921991	-30.897093000277	true	9
SPRING_REALIGN	412.88726921991	9	409.52380952381	12613.333333333
SPRING_UPDATE_SCROLL	412.88726921991	9	false	false	false	idle	0	0	0
SPRING_UPDATE_MOTION	412.88726921991	-30.897093000277	409.52380952381	true	9
SPRING_UPDATE_RESULT	412.88726921991	412.43977376399	-27.337482721585	true	9
SPRING_REALIGN	412.43977376399	9	409.52380952381	12613.333333333
SPRING_UPDATE_SCROLL	412.43977376399	9	false	false	false	idle	0	0	0
SPRING_UPDATE_MOTION	412.43977376399	-27.337482721585	409.52380952381	true	9
SPRING_UPDATE_RESULT	412.43977376399	412.0428715042	-23.990562181918	true	9
SPRING_REALIGN	412.0428715042	9	409.52380952381	12613.333333333
SPRING_UPDATE_SCROLL	412.0428715042	9	false	false	false	idle	0	0	0
SPRING_UPDATE_MOTION	412.0428715042	-23.990562181918	409.52380952381	true	9
SPRING_UPDATE_RESULT	412.0428715042	411.69472595275	-20.927616598551	true	9
SPRING_REALIGN	411.69472595275	9	409.52380952381	12613.333333333
SPRING_UPDATE_SCROLL	411.69472595275	9	false	false	false	idle	0	0	0
SPRING_UPDATE_MOTION	411.69472595275	-20.927616598551	409.52380952381	true	9
SPRING_UPDATE_RESULT	411.69472595275	411.38850192121	-18.142846315649	true	9
SPRING_REALIGN	411.38850192121	9	409.52380952381	12613.333333333
SPRING_UPDATE_SCROLL	411.38850192121	9	false	false	false	idle	0	0	0
SPRING_UPDATE_MOTION	411.38850192121	-18.142846315649	409.52380952381	true	9
SPRING_UPDATE_RESULT	411.38850192121	411.12379264708	-15.679785462477	true	9
SPRING_REALIGN	411.12379264708	9	409.52380952381	12613.333333333
SPRING_UPDATE_SCROLL	411.12379264708	9	false	false	false	idle	0	0	0
SPRING_UPDATE_MOTION	411.12379264708	-15.679785462477	409.52380952381	true	9
SPRING_UPDATE_RESULT	411.12379264708	410.90108987077	-13.580845350034	true	9
SPRING_REALIGN	410.90108987077	9	409.52380952381	12613.333333333
SPRING_UPDATE_SCROLL	410.90108987077	9	false	false	false	idle	0	0	0
SPRING_UPDATE_MOTION	410.90108987077	-13.580845350034	409.52380952381	true	9
SPRING_UPDATE_RESULT	410.90108987077	410.70542770791	-11.703962462622	true	9
SPRING_REALIGN	410.70542770791	9	409.52380952381	12613.333333333
SPRING_UPDATE_SCROLL	410.70542770791	9	false	false	false	idle	0	0	0
SPRING_UPDATE_MOTION	410.70542770791	-11.703962462622	409.52380952381	true	9
SPRING_UPDATE_RESULT	410.70542770791	410.53830785555	-10.086296840772	true	9
SPRING_REALIGN	410.53830785555	9	409.52380952381	12613.333333333
SPRING_UPDATE_SCROLL	410.53830785555	9	false	false	false	idle	0	0	0
SPRING_UPDATE_MOTION	410.53830785555	-10.086296840772	409.52380952381	true	9
SPRING_UPDATE_RESULT	410.53830785555	410.39894127451	-8.7336646976243	true	9
SPRING_REALIGN	410.39894127451	9	409.52380952381	12613.333333333
SPRING_UPDATE_SCROLL	410.39894127451	9	false	false	false	idle	0	0	0
SPRING_UPDATE_MOTION	410.39894127451	-8.7336646976243	409.52380952381	true	9
SPRING_UPDATE_RESULT	410.39894127451	410.26949122816	-7.4485618638813	true	9
SPRING_REALIGN	410.26949122816	9	409.52380952381	12613.333333333
SPRING_UPDATE_SCROLL	410.26949122816	9	false	false	false	idle	0	0	0
SPRING_UPDATE_MOTION	410.26949122816	-7.4485618638813	409.52380952381	true	9
SPRING_UPDATE_RESULT	410.26949122816	410.09211466537	-5.3565267602637	true	9
SPRING_REALIGN	410.09211466537	9	409.52380952381	12613.333333333
SPRING_UPDATE_SCROLL	410.09211466537	9	false	false	false	idle	0	0	0
SPRING_UPDATE_MOTION	410.09211466537	-5.3565267602637	409.52380952381	true	9
SPRING_UPDATE_RESULT	410.09211466537	410.01144086357	-4.661851234646	true	9
SPRING_REALIGN	410.01144086357	9	409.52380952381	12613.333333333
SPRING_UPDATE_SCROLL	410.01144086357	9	false	false	false	idle	0	0	0
SPRING_UPDATE_MOTION	410.01144086357	-4.661851234646	409.52380952381	true	9
SPRING_UPDATE_RESULT	410.01144086357	409.94551186088	-4.0785031046329	true	9
SPRING_REALIGN	409.94551186088	9	409.52380952381	12613.333333333
SPRING_UPDATE_SCROLL	409.94551186088	9	false	false	false	idle	0	0	0
SPRING_UPDATE_MOTION	409.94551186088	-4.0785031046329	409.52380952381	true	9
SPRING_UPDATE_RESULT	409.94551186088	409.88674862862	-3.5411483549268	true	9
SPRING_REALIGN	409.88674862862	9	409.52380952381	12613.333333333
SPRING_UPDATE_SCROLL	409.88674862862	9	false	false	false	pressed	0	0	0
SPRING_STOP_MOTION	409.88674862862	-3.5411483549268	409.52380952381	9
SPRING_PRESS	1132	357	409.88674862862
SPRING_UPDATE_MOTION	409.88674862862	0	409.52380952381	false	9
SPRING_START_SNAP	409.88674862862	409.52380952381	81.904761904762
SPRING_UPDATE_RESULT	409.88674862862	409.88674862862	0	true	9
BUTTON_PRESS	843	881.33333333333	336.68467994281	372	75.238095238095
SPRING_UPDATE_SCROLL	409.88674862862	9	false	true	false	held	0	0	0
SPRING_DRAG_PENDING	1132	357	1132	357	0
SPRING_UPDATE_MOTION	409.88674862862	0	409.52380952381	true	9
SPRING_UPDATE_RESULT	409.88674862862	409.86981046186	-1.0071451276788	true	9
SPRING_REALIGN	409.86981046186	9	409.52380952381	12613.333333333
SPRING_SCROLL_TO	9	409.86981046186	409.52380952381	-0.34600093805409	-2002.0760056283
SPRING_UPDATE_SCROLL	409.86981046186	9	false	true	false	held	0	0	0
SPRING_DRAG_PENDING	1132	357	1132	357	0
SPRING_UPDATE_MOTION	409.86981046186	-2002.0760056283	409.52380952381	true	9
SPRING_UPDATE_RESULT	409.86981046186	390.25057952007	-1146.699803136	true	9
SPRING_REALIGN	390.25057952007	9	409.52380952381	12613.333333333
SPRING_UPDATE_SCROLL	390.25057952007	9	false	true	false	held	0	0	0
SPRING_DRAG_PENDING	1132	357	1132	357	0
SPRING_UPDATE_MOTION	390.25057952007	-1146.699803136	409.52380952381	true	9
SPRING_UPDATE_RESULT	390.25057952007	380.0243820084	-628.58111045537	true	9
SPRING_REALIGN	380.0243820084	9	409.52380952381	12613.333333333
SPRING_UPDATE_SCROLL	380.0243820084	9	false	true	false	held	0	0	0
SPRING_DRAG_PENDING	1132	357	1132	357	0
SPRING_UPDATE_MOTION	380.0243820084	-628.58111045537	409.52380952381	true	9
SPRING_UPDATE_RESULT	380.0243820084	375.25978925694	-287.56934855067	true	9
SPRING_REALIGN	375.25978925694	9	409.52380952381	12613.333333333
SPRING_UPDATE_SCROLL	375.25978925694	9	false	true	false	held	0	0	0
SPRING_DRAG_PENDING	1132	357	1132	357	0
SPRING_UPDATE_MOTION	375.25978925694	-287.56934855067	409.52380952381	true	9
SPRING_UPDATE_RESULT	375.25978925694	374.06122952049	-71.112994099396	true	9
SPRING_REALIGN	374.06122952049	9	409.52380952381	12613.333333333
SPRING_UPDATE_SCROLL	374.06122952049	9	false	true	false	held	0	0	0
SPRING_DRAG_PENDING	1132	357	1132	357	0
SPRING_UPDATE_MOTION	374.06122952049	-71.112994099396	409.52380952381	true	9
SPRING_UPDATE_RESULT	374.06122952049	374.84543453289	49.573301414078	true	9
SPRING_REALIGN	374.84543453289	9	409.52380952381	12613.333333333
SPRING_UPDATE_SCROLL	374.84543453289	9	false	true	false	released	0	0	0
SPRING_DRAG_RELEASE	false	0	374.84543453289	49.573301414078
SPRING_UPDATE_MOTION	374.84543453289	49.573301414078	409.52380952381	true	9
SPRING_UPDATE_RESULT	374.84543453289	381.68530257124	201.63338094259	true	9
SPRING_REALIGN	381.68530257124	9	409.52380952381	12613.333333333
BUTTON_RELEASE	true	843	834
SPRING_UPDATE_SCROLL	381.68530257124	9	false	false	false	idle	0	0	0
SPRING_UPDATE_MOTION	381.68530257124	201.63338094259	409.52380952381	true	9
SPRING_UPDATE_RESULT	381.68530257124	384.91809180375	194.18367456435	true	9
SPRING_REALIGN	384.91809180375	9	409.52380952381	12613.333333333
SPRING_UPDATE_SCROLL	384.91809180375	9	false	false	false	idle	0	0	0
SPRING_UPDATE_MOTION	384.91809180375	194.18367456435	409.52380952381	true	9
SPRING_UPDATE_RESULT	384.91809180375	387.95867501789	180.82134318134	true	9
SPRING_REALIGN	387.95867501789	9	409.52380952381	12613.333333333
SPRING_UPDATE_SCROLL	387.95867501789	9	false	false	false	idle	0	0	0
SPRING_UPDATE_MOTION	387.95867501789	180.82134318134	409.52380952381	true	9
SPRING_UPDATE_RESULT	387.95867501789	390.76032646624	164.42484922069	true	9
SPRING_REALIGN	390.76032646624	9	409.52380952381	12613.333333333
SPRING_UPDATE_SCROLL	390.76032646624	9	false	false	false	idle	0	0	0
SPRING_UPDATE_MOTION	390.76032646624	164.42484922069	409.52380952381	true	9
SPRING_UPDATE_RESULT	390.76032646624	393.21202617892	147.56741037276	true	9
SPRING_REALIGN	393.21202617892	9	409.52380952381	12613.333333333
SPRING_UPDATE_SCROLL	393.21202617892	9	false	false	false	idle	0	0	0
SPRING_UPDATE_MOTION	393.21202617892	147.56741037276	409.52380952381	true	9
SPRING_UPDATE_RESULT	393.21202617892	395.34807332064	131.34074927282	true	9
SPRING_REALIGN	395.34807332064	9	409.52380952381	12613.333333333
SPRING_UPDATE_SCROLL	395.34807332064	9	false	false	false	idle	0	0	0
SPRING_UPDATE_MOTION	395.34807332064	131.34074927282	409.52380952381	true	9
SPRING_UPDATE_RESULT	395.34807332064	397.29065481019	115.44774549358	true	9
SPRING_REALIGN	397.29065481019	9	409.52380952381	12613.333333333
SPRING_UPDATE_SCROLL	397.29065481019	9	false	false	false	idle	0	0	0
SPRING_UPDATE_MOTION	397.29065481019	115.44774549358	409.52380952381	true	9
SPRING_UPDATE_RESULT	397.29065481019	398.9626720278	101.09664652866	true	9
SPRING_REALIGN	398.9626720278	9	409.52380952381	12613.333333333
SPRING_UPDATE_SCROLL	398.9626720278	9	false	false	false	idle	0	0	0
SPRING_UPDATE_MOTION	398.9626720278	101.09664652866	409.52380952381	true	9
SPRING_UPDATE_RESULT	398.9626720278	400.38628599596	88.467186686847	true	9
SPRING_REALIGN	400.38628599596	9	409.52380952381	12613.333333333
SPRING_UPDATE_SCROLL	400.38628599596	9	false	false	false	idle	0	0	0
SPRING_UPDATE_MOTION	400.38628599596	88.467186686847	409.52380952381	true	9
SPRING_UPDATE_RESULT	400.38628599596	401.71855257855	76.150841240611	true	9
SPRING_REALIGN	401.71855257855	9	409.52380952381	12613.333333333
SPRING_UPDATE_SCROLL	401.71855257855	9	false	false	false	idle	0	0	0
SPRING_UPDATE_MOTION	401.71855257855	76.150841240611	409.52380952381	true	9
SPRING_UPDATE_RESULT	401.71855257855	402.81118288686	65.94624186333	true	9
SPRING_REALIGN	402.81118288686	9	409.52380952381	12613.333333333
SPRING_UPDATE_SCROLL	402.81118288686	9	false	false	false	idle	0	0	0
SPRING_UPDATE_MOTION	402.81118288686	65.94624186333	409.52380952381	true	9
SPRING_UPDATE_RESULT	402.81118288686	404.40243018353	48.014607227669	true	9
SPRING_REALIGN	404.40243018353	9	409.52380952381	12613.333333333
SPRING_UPDATE_SCROLL	404.40243018353	9	false	false	false	idle	0	0	0
SPRING_UPDATE_MOTION	404.40243018353	48.014607227669	409.52380952381	true	9
SPRING_UPDATE_RESULT	404.40243018353	405.61127242693	36.123554597338	true	9
SPRING_REALIGN	405.61127242693	9	409.52380952381	12613.333333333
SPRING_UPDATE_SCROLL	405.61127242693	9	false	false	false	idle	0	0	0
SPRING_UPDATE_MOTION	405.61127242693	36.123554597338	409.52380952381	true	9
SPRING_UPDATE_RESULT	405.61127242693	406.13707134637	31.875680917326	true	9
SPRING_REALIGN	406.13707134637	9	409.52380952381	12613.333333333
SPRING_UPDATE_SCROLL	406.13707134637	9	false	false	false	idle	0	0	0
SPRING_UPDATE_MOTION	406.13707134637	31.875680917326	409.52380952381	true	9
SPRING_UPDATE_RESULT	406.13707134637	406.60242032222	27.905478915668	true	9
SPRING_REALIGN	406.60242032222	9	409.52380952381	12613.333333333
SPRING_UPDATE_SCROLL	406.60242032222	9	false	false	false	idle	0	0	0
SPRING_UPDATE_MOTION	406.60242032222	27.905478915668	409.52380952381	true	9
SPRING_UPDATE_RESULT	406.60242032222	407.00531264083	24.336006294678	true	9
SPRING_REALIGN	407.00531264083	9	409.52380952381	12613.333333333
SPRING_UPDATE_SCROLL	407.00531264083	9	false	false	false	idle	0	0	0
SPRING_UPDATE_MOTION	407.00531264083	24.336006294678	409.52380952381	true	9
SPRING_UPDATE_RESULT	407.00531264083	407.35931728151	21.10059251848	true	9
SPRING_REALIGN	407.35931728151	9	409.52380952381	12613.333333333
SPRING_UPDATE_SCROLL	407.35931728151	9	false	false	false	idle	0	0	0
SPRING_UPDATE_MOTION	407.35931728151	21.10059251848	409.52380952381	true	9
SPRING_UPDATE_RESULT	407.35931728151	407.67074142522	18.182484729945	true	9
SPRING_REALIGN	407.67074142522	9	409.52380952381	12613.333333333
SPRING_UPDATE_SCROLL	407.67074142522	9	false	false	false	idle	0	0	0
SPRING_UPDATE_MOTION	407.67074142522	18.182484729945	409.52380952381	true	9
SPRING_UPDATE_RESULT	407.67074142522	407.92752503024	15.75755895776	true	9
SPRING_REALIGN	407.92752503024	9	409.52380952381	12613.333333333
SPRING_UPDATE_SCROLL	407.92752503024	9	false	false	false	idle	0	0	0
SPRING_UPDATE_MOTION	407.92752503024	15.75755895776	409.52380952381	true	9
SPRING_UPDATE_RESULT	407.92752503024	408.15403291264	13.580016331588	true	9
SPRING_REALIGN	408.15403291264	9	409.52380952381	12613.333333333
SPRING_UPDATE_SCROLL	408.15403291264	9	false	false	false	idle	0	0	0
SPRING_UPDATE_MOTION	408.15403291264	13.580016331588	409.52380952381	true	9
SPRING_UPDATE_RESULT	408.15403291264	408.34403558353	11.743928529009	true	9
SPRING_REALIGN	408.34403558353	9	409.52380952381	12613.333333333
SPRING_UPDATE_SCROLL	408.34403558353	9	false	false	false	idle	0	0	0
SPRING_UPDATE_MOTION	408.34403558353	11.743928529009	409.52380952381	true	9
SPRING_UPDATE_RESULT	408.34403558353	408.51709470235	10.038290177078	true	9
SPRING_REALIGN	408.51709470235	9	409.52380952381	12613.333333333
SPRING_UPDATE_SCROLL	408.51709470235	9	false	false	false	pressed	0	0	0
SPRING_STOP_MOTION	408.51709470235	10.038290177078	409.52380952381	9
SPRING_PRESS	1132	357	408.51709470235
SPRING_UPDATE_MOTION	408.51709470235	0	409.52380952381	false	9
SPRING_START_SNAP	408.51709470235	409.52380952381	81.904761904762
SPRING_UPDATE_RESULT	408.51709470235	408.51709470235	0	true	9
BUTTON_PRESS	843	881.33333333333	338.05433386908	372	75.238095238095
SPRING_UPDATE_SCROLL	408.51709470235	9	false	true	false	held	0	0	0
SPRING_DRAG_PENDING	1132	357	1132	357	0
SPRING_UPDATE_MOTION	408.51709470235	0	409.52380952381	true	9
SPRING_UPDATE_RESULT	408.51709470235	408.71321018652	5.707568673531	true	9
SPRING_REALIGN	408.71321018652	9	409.52380952381	12613.333333333
SPRING_SCROLL_TO	9	408.71321018652	409.52380952381	0.81059933729256	2004.8635960238
SPRING_UPDATE_SCROLL	408.71321018652	9	false	true	false	held	0	0	0
SPRING_DRAG_PENDING	1132	357	1132	357	0
SPRING_UPDATE_MOTION	408.71321018652	2004.8635960238	409.52380952381	true	9
SPRING_UPDATE_RESULT	408.71321018652	427.84859830535	1222.2789510927	true	9
SPRING_REALIGN	427.84859830535	9	409.52380952381	12613.333333333
SPRING_UPDATE_SCROLL	427.84859830535	9	false	true	false	held	0	0	0
SPRING_DRAG_PENDING	1132	357	1132	357	0
SPRING_UPDATE_MOTION	427.84859830535	1222.2789510927	409.52380952381	true	9
SPRING_UPDATE_RESULT	427.84859830535	438.94448254685	640.89528978075	true	9
SPRING_REALIGN	438.94448254685	9	409.52380952381	12613.333333333
SPRING_UPDATE_SCROLL	438.94448254685	9	false	true	false	held	0	0	0
SPRING_DRAG_PENDING	1132	357	1132	357	0
SPRING_UPDATE_MOTION	438.94448254685	640.89528978075	409.52380952381	true	9
SPRING_UPDATE_RESULT	438.94448254685	443.81000310674	287.12758902878	true	9
SPRING_REALIGN	443.81000310674	9	409.52380952381	12613.333333333
SPRING_UPDATE_SCROLL	443.81000310674	9	false	true	false	released	0	0	0
SPRING_DRAG_RELEASE	false	0	443.81000310674	287.12758902878
SPRING_UPDATE_MOTION	443.81000310674	287.12758902878	409.52380952381	true	9
SPRING_UPDATE_RESULT	443.81000310674	444.98312530895	69.044960019938	true	9
SPRING_REALIGN	444.98312530895	9	409.52380952381	12613.333333333
BUTTON_RELEASE	true	843	843
ACTION_SELECT_BEATMAP	9	true
ACTION_SELECT_SCROLL_TO	9	9
Full Rebuild in: 22.000000 ms
SPRING_REALIGN	444.98312530895	9	409.52380952381	12613.333333333
SPRING_UPDATE_SCROLL	444.98312530895	9	false	false	false	idle	0	0	0
SPRING_UPDATE_MOTION	444.98312530895	69.044960019938	409.52380952381	true	9
SPRING_UPDATE_RESULT	444.98312530895	439.42968912963	-173.49120676149	true	9
SPRING_REALIGN	439.42968912963	9	409.52380952381	12613.333333333
SPRING_UPDATE_SCROLL	439.42968912963	9	false	false	false	idle	0	0	0
SPRING_UPDATE_MOTION	439.42968912963	-173.49120676149	409.52380952381	true	9
SPRING_UPDATE_RESULT	439.42968912963	436.16526082515	-184.0815347412	true	9
SPRING_REALIGN	436.16526082515	9	409.52380952381	12613.333333333
SPRING_UPDATE_SCROLL	436.16526082515	9	false	false	false	idle	0	0	0
SPRING_UPDATE_MOTION	436.16526082515	-184.0815347412	409.52380952381	true	9
SPRING_UPDATE_RESULT	436.16526082515	433.25458881832	-180.76125813239	true	9
SPRING_REALIGN	433.25458881832	9	409.52380952381	12613.333333333
SPRING_UPDATE_SCROLL	433.25458881832	9	false	false	false	idle	0	0	0
SPRING_UPDATE_MOTION	433.25458881832	-180.76125813239	409.52380952381	true	9
SPRING_UPDATE_RESULT	433.25458881832	430.36691261714	-170.5434734518	true	9
SPRING_REALIGN	430.36691261714	9	409.52380952381	12613.333333333
SPRING_UPDATE_SCROLL	430.36691261714	9	false	false	false	idle	0	0	0
SPRING_UPDATE_MOTION	430.36691261714	-170.5434734518	409.52380952381	true	9
SPRING_UPDATE_RESULT	430.36691261714	427.76732182215	-156.88159579679	true	9
SPRING_REALIGN	427.76732182215	9	409.52380952381	12613.333333333
SPRING_UPDATE_SCROLL	427.76732182215	9	false	false	false	idle	0	0	0
SPRING_UPDATE_MOTION	427.76732182215	-156.88159579679	409.52380952381	true	9
SPRING_UPDATE_RESULT	427.76732182215	425.48166683703	-142.22763497595	true	9
SPRING_REALIGN	425.48166683703	9	409.52380952381	12613.333333333
SPRING_UPDATE_SCROLL	425.48166683703	9	false	false	false	idle	0	0	0
SPRING_UPDATE_MOTION	425.48166683703	-142.22763497595	409.52380952381	true	9
SPRING_UPDATE_RESULT	425.48166683703	421.70176638343	-110.73289098386	true	9
SPRING_REALIGN	421.70176638343	9	409.52380952381	12613.333333333
SPRING_UPDATE_SCROLL	421.70176638343	9	false	false	false	idle	0	0	0
SPRING_UPDATE_MOTION	421.70176638343	-110.73289098386	409.52380952381	true	9
SPRING_UPDATE_RESULT	421.70176638343	420.09165388255	-98.301667402046	true	9
SPRING_REALIGN	420.09165388255	9	409.52380952381	12613.333333333
SPRING_UPDATE_SCROLL	420.09165388255	9	false	false	false	idle	0	0	0
SPRING_UPDATE_MOTION	420.09165388255	-98.301667402046	409.52380952381	true	9
SPRING_UPDATE_RESULT	420.09165388255	418.64265068508	-86.318525825591	true	9
SPRING_REALIGN	418.64265068508	9	409.52380952381	12613.333333333
SPRING_UPDATE_SCROLL	418.64265068508	9	false	false	false	idle	0	0	0
SPRING_UPDATE_MOTION	418.64265068508	-86.318525825591	409.52380952381	true	9
SPRING_UPDATE_RESULT	418.64265068508	417.38429353918	-75.417112422284	true	9
SPRING_REALIGN	417.38429353918	9	409.52380952381	12613.333333333
SPRING_UPDATE_SCROLL	417.38429353918	9	false	false	false	idle	0	0	0
SPRING_UPDATE_MOTION	417.38429353918	-75.417112422284	409.52380952381	true	9
SPRING_UPDATE_RESULT	417.38429353918	416.29953941769	-65.701660266067	true	9
SPRING_REALIGN	416.29953941769	9	409.52380952381	12613.333333333
SPRING_UPDATE_SCROLL	416.29953941769	9	false	false	false	idle	0	0	0
SPRING_UPDATE_MOTION	416.29953941769	-65.701660266067	409.52380952381	true	9
SPRING_UPDATE_RESULT	416.29953941769	415.33459276647	-56.788625828515	true	9
SPRING_REALIGN	415.33459276647	9	409.52380952381	12613.333333333
SPRING_UPDATE_SCROLL	415.33459276647	9	false	false	false	idle	0	0	0
SPRING_UPDATE_MOTION	415.33459276647	-56.788625828515	409.52380952381	true	9
SPRING_UPDATE_RESULT	415.33459276647	414.48692861838	-48.778565071109	true	9
SPRING_REALIGN	414.48692861838	9	409.52380952381	12613.333333333
SPRING_UPDATE_SCROLL	414.48692861838	9	false	false	false	idle	0	0	0
SPRING_UPDATE_MOTION	414.48692861838	-48.778565071109	409.52380952381	true	9
SPRING_UPDATE_RESULT	414.48692861838	413.80866705463	-42.365928177356	true	9
SPRING_REALIGN	413.80866705463	9	409.52380952381	12613.333333333
SPRING_UPDATE_SCROLL	413.80866705463	9	false	false	false	idle	0	0	0
SPRING_UPDATE_MOTION	413.80866705463	-42.365928177356	409.52380952381	true	9
SPRING_UPDATE_RESULT	413.80866705463	413.21025970373	-36.609914098837	true	9
SPRING_REALIGN	413.21025970373	9	409.52380952381	12613.333333333
SPRING_UPDATE_SCROLL	413.21025970373	9	false	false	false	idle	0	0	0
SPRING_UPDATE_MOTION	413.21025970373	-36.609914098837	409.52380952381	true	9
SPRING_UPDATE_RESULT	413.21025970373	412.69866412535	-31.64737115299	true	9
SPRING_REALIGN	412.69866412535	9	409.52380952381	12613.333333333
SPRING_UPDATE_SCROLL	412.69866412535	9	false	false	false	idle	0	0	0
SPRING_UPDATE_MOTION	412.69866412535	-31.64737115299	409.52380952381	true	9
SPRING_UPDATE_RESULT	412.69866412535	412.23134725634	-27.024564055607	true	9
SPRING_REALIGN	412.23134725634	9	409.52380952381	12613.333333333
SPRING_UPDATE_SCROLL	412.23134725634	9	false	false	false	idle	0	0	0
SPRING_UPDATE_MOTION	412.23134725634	-27.024564055607	409.52380952381	true	9
SPRING_UPDATE_RESULT	412.23134725634	411.45229499236	-15.581045279436	true	9
SPRING_REALIGN	411.45229499236	9	409.52380952381	12613.333333333
SPRING_UPDATE_SCROLL	411.45229499236	9	false	false	false	idle	0	0	0
SPRING_UPDATE_MOTION	411.45229499236	-15.581045279436	409.52380952381	true	9
SPRING_UPDATE_RESULT	411.45229499236	411.21319986305	-14.396469711205	true	9
SPRING_REALIGN	411.21319986305	9	409.52380952381	12613.333333333
SPRING_UPDATE_SCROLL	411.21319986305	9	false	false	false	idle	0	0	0
SPRING_UPDATE_MOTION	411.21319986305	-14.396469711205	409.52380952381	true	9
SPRING_UPDATE_RESULT	411.21319986305	410.99192626661	-13.016783031606	true	9
SPRING_REALIGN	410.99192626661	9	409.52380952381	12613.333333333
SPRING_UPDATE_SCROLL	410.99192626661	9	false	false	false	idle	0	0	0
SPRING_UPDATE_MOTION	410.99192626661	-13.016783031606	409.52380952381	true	9
SPRING_UPDATE_RESULT	410.99192626661	410.80197552315	-11.661933771727	true	9
SPRING_REALIGN	410.80197552315	9	409.52380952381	12613.333333333
SPRING_UPDATE_SCROLL	410.80197552315	9	false	false	false	idle	0	0	0
SPRING_UPDATE_MOTION	410.80197552315	-11.661933771727	409.52380952381	true	9
SPRING_UPDATE_RESULT	410.80197552315	410.627527858	-10.295359805045	true	9
SPRING_REALIGN	410.627527858	9	409.52380952381	12613.333333333
SPRING_UPDATE_SCROLL	410.627527858	9	false	false	false	idle	0	0	0
SPRING_UPDATE_MOTION	410.627527858	-10.295359805045	409.52380952381	true	9
SPRING_UPDATE_RESULT	410.627527858	410.47898349191	-9.0614509905919	true	9
SPRING_REALIGN	410.47898349191	9	409.52380952381	12613.333333333
SPRING_UPDATE_SCROLL	410.47898349191	9	false	false	false	idle	0	0	0
SPRING_UPDATE_MOTION	410.47898349191	-9.0614509905919	409.52380952381	true	9
SPRING_UPDATE_RESULT	410.47898349191	410.34885528104	-7.9303433422653	true	9
SPRING_REALIGN	410.34885528104	9	409.52380952381	12613.333333333
SPRING_UPDATE_SCROLL	410.34885528104	9	false	false	false	idle	0	0	0
SPRING_UPDATE_MOTION	410.34885528104	-7.9303433422653	409.52380952381	true	9
SPRING_UPDATE_RESULT	410.34885528104	410.23169672739	-6.8710261305292	true	9
SPRING_REALIGN	410.23169672739	9	409.52380952381	12613.333333333
SPRING_UPDATE_SCROLL	410.23169672739	9	false	false	false	pressed	0	0	0
SPRING_STOP_MOTION	410.23169672739	-6.8710261305292	409.52380952381	9
SPRING_PRESS	1132	357	410.23169672739
SPRING_UPDATE_MOTION	410.23169672739	0	409.52380952381	false	9
SPRING_START_SNAP	410.23169672739	409.52380952381	81.904761904762
SPRING_UPDATE_RESULT	410.23169672739	410.23169672739	0	true	9
BUTTON_PRESS	1082	881.33333333333	336.33973184404	372	75.238095238095
SPRING_UPDATE_SCROLL	410.23169672739	9	false	true	false	held	0	0	0
SPRING_DRAG_PENDING	1132	357	1132	357	0
SPRING_UPDATE_MOTION	410.23169672739	0	409.52380952381	true	9
SPRING_UPDATE_RESULT	410.23169672739	410.19906422528	-1.9523118500182	true	9
SPRING_REALIGN	410.19906422528	9	409.52380952381	12613.333333333
SPRING_SCROLL_TO	9	410.19906422528	409.52380952381	-0.67525470147007	-2004.0515282088
SPRING_UPDATE_SCROLL	410.19906422528	9	false	true	false	held	0	0	0
SPRING_DRAG_PENDING	1132	357	1132	357	0
SPRING_UPDATE_MOTION	410.19906422528	-2004.0515282088	409.52380952381	true	9
SPRING_UPDATE_RESULT	410.19906422528	390.68565498094	-1171.0903006936	true	9
SPRING_REALIGN	390.68565498094	9	409.52380952381	12613.333333333
SPRING_UPDATE_SCROLL	390.68565498094	9	false	true	false	released	0	0	0
SPRING_DRAG_RELEASE	false	0	390.68565498094	-1171.0903006936
SPRING_UPDATE_MOTION	390.68565498094	-1171.0903006936	409.52380952381	true	9
SPRING_UPDATE_RESULT	390.68565498094	386.93361306104	-115.06542647339	true	9
SPRING_REALIGN	386.93361306104	9	409.52380952381	12613.333333333
SPRING_UPDATE_SCROLL	386.93361306104	9	false	false	false	idle	0	0	0
SPRING_UPDATE_MOTION	386.93361306104	-115.06542647339	409.52380952381	true	9
SPRING_UPDATE_RESULT	386.93361306104	386.94511021964	0.65612190895138	true	9
SPRING_REALIGN	386.94511021964	9	409.52380952381	12613.333333333
SPRING_UPDATE_SCROLL	386.94511021964	9	false	false	false	idle	0	0	0
SPRING_UPDATE_MOTION	386.94511021964	0.65612190895138	409.52380952381	true	9
SPRING_UPDATE_RESULT	386.94511021964	387.96950287922	61.969478396643	true	9
SPRING_REALIGN	387.96950287922	9	409.52380952381	12613.333333333
SPRING_UPDATE_SCROLL	387.96950287922	9	false	false	false	idle	0	0	0
SPRING_UPDATE_MOTION	387.96950287922	61.969478396643	409.52380952381	true	9
SPRING_UPDATE_RESULT	387.96950287922	389.56820194408	95.5525377803	true	9
SPRING_REALIGN	389.56820194408	9	409.52380952381	12613.333333333
SPRING_UPDATE_SCROLL	389.56820194408	9	false	false	false	idle	0	0	0
SPRING_UPDATE_MOTION	389.56820194408	95.5525377803	409.52380952381	true	9
SPRING_UPDATE_RESULT	389.56820194408	391.39522187922	110.49744081406	true	9
SPRING_REALIGN	391.39522187922	9	409.52380952381	12613.333333333
SPRING_UPDATE_SCROLL	391.39522187922	9	false	false	false	idle	0	0	0
SPRING_UPDATE_MOTION	391.39522187922	110.49744081406	409.52380952381	true	9
SPRING_UPDATE_RESULT	391.39522187922	393.30759466052	114.32439688283	true	9
SPRING_REALIGN	393.30759466052	9	409.52380952381	12613.333333333
SPRING_UPDATE_SCROLL	393.30759466052	9	false	false	false	idle	0	0	0
SPRING_UPDATE_MOTION	393.30759466052	114.32439688283	409.52380952381	true	9
SPRING_UPDATE_RESULT	393.30759466052	395.15357057	111.29857525649	true	9
SPRING_REALIGN	395.15357057	9	409.52380952381	12613.333333333
SPRING_UPDATE_SCROLL	395.15357057	9	false	false	false	idle	0	0	0
SPRING_UPDATE_MOTION	395.15357057	111.29857525649	409.52380952381	true	9
SPRING_UPDATE_RESULT	395.15357057	396.89335215199	104.44622037215	true	9
SPRING_REALIGN	396.89335215199	9	409.52380952381	12613.333333333
SPRING_UPDATE_SCROLL	396.89335215199	9	false	false	false	idle	0	0	0
SPRING_UPDATE_MOTION	396.89335215199	104.44622037215	409.52380952381	true	9
SPRING_UPDATE_RESULT	396.89335215199	398.49915871498	95.591120919594	true	9
SPRING_REALIGN	398.49915871498	9	409.52380952381	12613.333333333
SPRING_UPDATE_SCROLL	398.49915871498	9	false	false	false	idle	0	0	0
SPRING_UPDATE_MOTION	398.49915871498	95.591120919594	409.52380952381	true	9
SPRING_UPDATE_RESULT	398.49915871498	399.95329583028	85.933783761675	true	9
SPRING_REALIGN	399.95329583028	9	409.52380952381	12613.333333333
SPRING_UPDATE_SCROLL	399.95329583028	9	false	false	false	idle	0	0	0
SPRING_UPDATE_MOTION	399.95329583028	85.933783761675	409.52380952381	true	9
SPRING_UPDATE_RESULT	399.95329583028	401.20032984789	76.676382695518	true	9
SPRING_REALIGN	401.20032984789	9	409.52380952381	12613.333333333
SPRING_UPDATE_SCROLL	401.20032984789	9	false	false	false	idle	0	0	0
SPRING_UPDATE_MOTION	401.20032984789	76.676382695518	409.52380952381	true	9
SPRING_UPDATE_RESULT	401.20032984789	403.67531043051	49.499611652477	true	9
SPRING_REALIGN	403.67531043051	9	409.52380952381	12613.333333333
SPRING_UPDATE_SCROLL	403.67531043051	9	false	false	false	idle	0	0	0
SPRING_UPDATE_MOTION	403.67531043051	49.499611652477	409.52380952381	true	9
SPRING_UPDATE_RESULT	403.67531043051	405.01577641646	40.47532877637	true	9
SPRING_REALIGN	405.01577641646	9	409.52380952381	12613.333333333
SPRING_UPDATE_SCROLL	405.01577641646	9	false	false	false	idle	0	0	0
SPRING_UPDATE_MOTION	405.01577641646	40.47532877637	409.52380952381	true	9
SPRING_UPDATE_RESULT	405.01577641646	405.63278737771	35.863555907059	true	9
SPRING_REALIGN	405.63278737771	9	409.52380952381	12613.333333333
SPRING_UPDATE_SCROLL	405.63278737771	9	false	false	false	idle	0	0	0
SPRING_UPDATE_MOTION	405.63278737771	35.863555907059	409.52380952381	true	9
SPRING_UPDATE_RESULT	405.63278737771	406.15399845977	31.674551635072	true	9
SPRING_REALIGN	406.15399845977	9	409.52380952381	12613.333333333
SPRING_UPDATE_SCROLL	406.15399845977	9	false	false	false	idle	0	0	0
SPRING_UPDATE_MOTION	406.15399845977	31.674551635072	409.52380952381	true	9
SPRING_UPDATE_RESULT	406.15399845977	406.61364001833	27.771058029717	true	9
SPRING_REALIGN	406.61364001833	9	409.52380952381	12613.333333333
SPRING_UPDATE_SCROLL	406.61364001833	9	false	false	false	idle	0	0	0
SPRING_UPDATE_MOTION	406.61364001833	27.771058029717	409.52380952381	true	9
SPRING_UPDATE_RESULT	406.61364001833	407.01820770536	24.190410781542	true	9
SPRING_REALIGN	407.01820770536	9	409.52380952381	12613.333333333
SPRING_UPDATE_SCROLL	407.01820770536	9	false	false	false	idle	0	0	0
SPRING_UPDATE_MOTION	407.01820770536	24.190410781542	409.52380952381	true	9
SPRING_UPDATE_RESULT	407.01820770536	407.37666305587	20.910453058075	true	9
SPRING_REALIGN	407.37666305587	9	409.52380952381	12613.333333333
SPRING_UPDATE_SCROLL	407.37666305587	9	false	false	false	idle	0	0	0
SPRING_UPDATE_MOTION	407.37666305587	20.910453058075	409.52380952381	true	9
SPRING_UPDATE_RESULT	407.37666305587	407.6682928335	18.212632483228	true	9
SPRING_REALIGN	407.6682928335	9	409.52380952381	12613.333333333
SPRING_UPDATE_SCROLL	407.6682928335	9	false	false	false	idle	0	0	0
SPRING_UPDATE_MOTION	407.6682928335	18.212632483228	409.52380952381	true	9
SPRING_UPDATE_RESULT	407.6682928335	407.93140387804	15.715440297066	true	9
SPRING_REALIGN	407.93140387804	9	409.52380952381	12613.333333333
SPRING_UPDATE_SCROLL	407.93140387804	9	false	false	false	idle	0	0	0
SPRING_UPDATE_MOTION	407.93140387804	15.715440297066	409.52380952381	true	9
SPRING_UPDATE_RESULT	407.93140387804	408.15226789205	13.602346094262	true	9
SPRING_REALIGN	408.15226789205	9	409.52380952381	12613.333333333
SPRING_UPDATE_SCROLL	408.15226789205	9	false	false	false	idle	0	0	0
SPRING_UPDATE_MOTION	408.15226789205	13.602346094262	409.52380952381	true	9
SPRING_UPDATE_RESULT	408.15226789205	408.34995372658	11.67645195483	true	9
SPRING_REALIGN	408.34995372658	9	409.52380952381	12613.333333333
SPRING_UPDATE_SCROLL	408.34995372658	9	false	false	false	idle	0	0	0
SPRING_UPDATE_MOTION	408.34995372658	11.67645195483	409.52380952381	true	9
SPRING_UPDATE_RESULT	408.34995372658	408.5175002224	10.036751021082	true	9
SPRING_REALIGN	408.5175002224	9	409.52380952381	12613.333333333
SPRING_UPDATE_SCROLL	408.5175002224	9	false	false	false	pressed	0	0	0
SPRING_STOP_MOTION	408.5175002224	10.036751021082	409.52380952381	9
SPRING_PRESS	1132	357	408.5175002224
SPRING_UPDATE_MOTION	408.5175002224	0	409.52380952381	false	9
SPRING_START_SNAP	408.5175002224	409.52380952381	81.904761904762
SPRING_UPDATE_RESULT	408.5175002224	408.5175002224	0	true	9
BUTTON_PRESS	1082	881.33333333333	338.05392834903	372	75.238095238095
SPRING_UPDATE_SCROLL	408.5175002224	9	false	true	false	held	0	0	0
SPRING_DRAG_PENDING	1132	357	1132	357	0
SPRING_UPDATE_MOTION	408.5175002224	0	409.52380952381	true	9
SPRING_UPDATE_RESULT	408.5175002224	408.5619578824	2.7169460554402	true	9
SPRING_REALIGN	408.5619578824	9	409.52380952381	12613.333333333
SPRING_SCROLL_TO	9	408.5619578824	409.52380952381	0.96185164141269	2005.7711098485
SPRING_UPDATE_SCROLL	408.5619578824	9	false	true	false	held	0	0	0
SPRING_DRAG_PENDING	1132	357	1132	357	0
SPRING_UPDATE_MOTION	408.5619578824	2005.7711098485	409.52380952381	true	9
SPRING_UPDATE_RESULT	408.5619578824	428.02458879419	1184.3482043544	true	9
SPRING_REALIGN	428.02458879419	9	409.52380952381	12613.333333333
SPRING_UPDATE_SCROLL	428.02458879419	9	false	true	false	held	0	0	0
SPRING_DRAG_PENDING	1132	357	1132	357	0
SPRING_UPDATE_MOTION	428.02458879419	1184.3482043544	409.52380952381	true	9
SPRING_UPDATE_RESULT	428.02458879419	438.69787970335	637.63013974303	true	9
SPRING_REALIGN	438.69787970335	9	409.52380952381	12613.333333333
SPRING_UPDATE_SCROLL	438.69787970335	9	false	true	false	held	0	0	0
SPRING_DRAG_PENDING	1132	357	1132	357	0
SPRING_UPDATE_MOTION	438.69787970335	637.63013974303	409.52380952381	true	9
SPRING_UPDATE_RESULT	438.69787970335	443.56338543273	293.08509905284	true	9
SPRING_REALIGN	443.56338543273	9	409.52380952381	12613.333333333
SPRING_UPDATE_SCROLL	443.56338543273	9	false	true	false	released	0	0	0
SPRING_DRAG_RELEASE	false	0	443.56338543273	293.08509905284
SPRING_UPDATE_MOTION	443.56338543273	293.08509905284	409.52380952381	true	9
SPRING_UPDATE_RESULT	443.56338543273	444.85102360621	77.203013051775	true	9
SPRING_REALIGN	444.85102360621	9	409.52380952381	12613.333333333
BUTTON_RELEASE	true	1082	1082
ACTION_SELECT_BEATMAP	9	true
ACTION_SELECT_SCROLL_TO	9	9
Full Rebuild in: 19.000000 ms
SPRING_REALIGN	444.85102360621	9	409.52380952381	12613.333333333
SPRING_UPDATE_SCROLL	444.85102360621	9	false	false	false	idle	0	0	0
SPRING_UPDATE_MOTION	444.85102360621	77.203013051775	409.52380952381	true	9
SPRING_UPDATE_RESULT	444.85102360621	438.85580907574	-180.504265724	true	9
SPRING_REALIGN	438.85580907574	9	409.52380952381	12613.333333333
SPRING_UPDATE_SCROLL	438.85580907574	9	false	false	false	idle	0	0	0
SPRING_UPDATE_MOTION	438.85580907574	-180.504265724	409.52380952381	true	9
SPRING_UPDATE_RESULT	438.85580907574	435.72961722675	-186.0031325255	true	9
SPRING_REALIGN	435.72961722675	9	409.52380952381	12613.333333333
SPRING_UPDATE_SCROLL	435.72961722675	9	false	false	false	idle	0	0	0
SPRING_UPDATE_MOTION	435.72961722675	-186.0031325255	409.52380952381	true	9
SPRING_UPDATE_RESULT	435.72961722675	432.72351074397	-180.57404912378	true	9
SPRING_REALIGN	432.72351074397	9	409.52380952381	12613.333333333
SPRING_UPDATE_SCROLL	432.72351074397	9	false	false	false	idle	0	0	0
SPRING_UPDATE_MOTION	432.72351074397	-180.57404912378	409.52380952381	true	9
SPRING_UPDATE_RESULT	432.72351074397	429.92423256922	-169.21940568981	true	9
SPRING_REALIGN	429.92423256922	9	409.52380952381	12613.333333333
SPRING_UPDATE_SCROLL	429.92423256922	9	false	false	false	idle	0	0	0
SPRING_UPDATE_MOTION	429.92423256922	-169.21940568981	409.52380952381	true	9
SPRING_UPDATE_RESULT	429.92423256922	427.42314419564	-155.29791020157	true	9
SPRING_REALIGN	427.42314419564	9	409.52380952381	12613.333333333
SPRING_UPDATE_SCROLL	427.42314419564	9	false	false	false	idle	0	0	0
SPRING_UPDATE_MOTION	427.42314419564	-155.29791020157	409.52380952381	true	9
SPRING_UPDATE_RESULT	427.42314419564	423.19308935156	-123.46812036303	true	9
SPRING_REALIGN	423.19308935156	9	409.52380952381	12613.333333333
SPRING_UPDATE_SCROLL	423.19308935156	9	false	false	false	idle	0	0	0
SPRING_UPDATE_MOTION	423.19308935156	-123.46812036303	409.52380952381	true	9
SPRING_UPDATE_RESULT	423.19308935156	421.40755201329	-109.9712583007	true	9
SPRING_REALIGN	421.40755201329	9	409.52380952381	12613.333333333
SPRING_UPDATE_SCROLL	421.40755201329	9	false	false	false	idle	0	0	0
SPRING_UPDATE_MOTION	421.40755201329	-109.9712583007	409.52380952381	true	9
SPRING_UPDATE_RESULT	421.40755201329	419.75991471434	-96.51052295533	true	9
SPRING_REALIGN	419.75991471434	9	409.52380952381	12613.333333333
SPRING_UPDATE_SCROLL	419.75991471434	9	false	false	false	idle	0	0	0
SPRING_UPDATE_MOTION	419.75991471434	-96.51052295533	409.52380952381	true	9
SPRING_UPDATE_RESULT	419.75991471434	418.36275379786	-84.549850616263	true	9
SPRING_REALIGN	418.36275379786	9	409.52380952381	12613.333333333
SPRING_UPDATE_SCROLL	418.36275379786	9	false	false	false	idle	0	0	0
SPRING_UPDATE_MOTION	418.36275379786	-84.549850616263	409.52380952381	true	9
SPRING_UPDATE_RESULT	418.36275379786	417.12508616905	-73.517530669005	true	9
SPRING_REALIGN	417.12508616905	9	409.52380952381	12613.333333333
SPRING_UPDATE_SCROLL	417.12508616905	9	false	false	false	idle	0	0	0
SPRING_UPDATE_MOTION	417.12508616905	-73.517530669005	409.52380952381	true	9
SPRING_UPDATE_RESULT	417.12508616905	416.07468593119	-63.926010276699	true	9
SPRING_REALIGN	416.07468593119	9	409.52380952381	12613.333333333
SPRING_UPDATE_SCROLL	416.07468593119	9	false	false	false	idle	0	0	0
SPRING_UPDATE_MOTION	416.07468593119	-63.926010276699	409.52380952381	true	9
SPRING_UPDATE_RESULT	416.07468593119	415.15055345058	-55.278685501714	true	9
SPRING_REALIGN	415.15055345058	9	409.52380952381	12613.333333333
SPRING_UPDATE_SCROLL	415.15055345058	9	false	false	false	idle	0	0	0
SPRING_UPDATE_MOTION	415.15055345058	-55.278685501714	409.52380952381	true	9
SPRING_UPDATE_RESULT	415.15055345058	414.36128239688	-47.787690491772	true	9
SPRING_REALIGN	414.36128239688	9	409.52380952381	12613.333333333
SPRING_UPDATE_SCROLL	414.36128239688	9	false	false	false	idle	0	0	0
SPRING_UPDATE_MOTION	414.36128239688	-47.787690491772	409.52380952381	true	9
SPRING_UPDATE_RESULT	414.36128239688	413.67698493368	-41.202385761267	true	9
SPRING_REALIGN	413.67698493368	9	409.52380952381	12613.333333333
SPRING_UPDATE_SCROLL	413.67698493368	9	false	false	false	idle	0	0	0
SPRING_UPDATE_MOTION	413.67698493368	-41.202385761267	409.52380952381	true	9
SPRING_UPDATE_RESULT	413.67698493368	413.08611074034	-35.456635483088	true	9
SPRING_REALIGN	413.08611074034	9	409.52380952381	12613.333333333
SPRING_UPDATE_SCROLL	413.08611074034	9	false	false	false	idle	0	0	0
SPRING_UPDATE_MOTION	413.08611074034	-35.456635483088	409.52380952381	true	9
SPRING_UPDATE_RESULT	413.08611074034	412.59109065218	-30.630346211879	true	9
SPRING_REALIGN	412.59109065218	9	409.52380952381	12613.333333333
SPRING_UPDATE_SCROLL	412.59109065218	9	false	false	false	idle	0	0	0
SPRING_UPDATE_MOTION	412.59109065218	-30.630346211879	409.52380952381	true	9
SPRING_UPDATE_RESULT	412.59109065218	411.86076567167	-22.017436698113	true	9
SPRING_REALIGN	411.86076567167	9	409.52380952381	12613.333333333
SPRING_UPDATE_SCROLL	411.86076567167	9	false	false	false	idle	0	0	0
SPRING_UPDATE_MOTION	411.86076567167	-22.017436698113	409.52380952381	true	9
SPRING_UPDATE_RESULT	411.86076567167	411.5282853585	-19.156505713676	true	9
SPRING_REALIGN	411.5282853585	9	409.52380952381	12613.333333333
SPRING_UPDATE_SCROLL	411.5282853585	9	false	false	false	idle	0	0	0
SPRING_UPDATE_MOTION	411.5282853585	-19.156505713676	409.52380952381	true	9
SPRING_UPDATE_RESULT	411.5282853585	411.24783594103	-16.662572112258	true	9
SPRING_REALIGN	411.24783594103	9	409.52380952381	12613.333333333
SPRING_UPDATE_SCROLL	411.24783594103	9	false	false	false	idle	0	0	0
SPRING_UPDATE_MOTION	411.24783594103	-16.662572112258	409.52380952381	true	9
SPRING_UPDATE_RESULT	411.24783594103	411.00673584365	-14.459990486548	true	9
SPRING_REALIGN	411.00673584365	9	409.52380952381	12613.333333333
SPRING_UPDATE_SCROLL	411.00673584365	9	false	false	false	idle	0	0	0
SPRING_UPDATE_MOTION	411.00673584365	-14.459990486548	409.52380952381	true	9
SPRING_UPDATE_RESULT	411.00673584365	410.79794500433	-12.510386192076	true	9
SPRING_REALIGN	410.79794500433	9	409.52380952381	12613.333333333
SPRING_UPDATE_SCROLL	410.79794500433	9	false	false	false	pressed	0	0	0
SPRING_STOP_MOTION	410.79794500433	-12.510386192076	409.52380952381	9
SPRING_PRESS	1132	357	410.79794500433
SPRING_UPDATE_MOTION	410.79794500433	0	409.52380952381	false	9
SPRING_START_SNAP	410.79794500433	409.52380952381	81.904761904762
SPRING_UPDATE_RESULT	410.79794500433	410.79794500433	0	true	9
BUTTON_PRESS	1321	881.33333333333	335.77348356709	372	75.238095238095
SPRING_UPDATE_SCROLL	410.79794500433	9	false	true	false	held	0	0	0
SPRING_DRAG_PENDING	1132	357	1132	357	0
SPRING_UPDATE_MOTION	410.79794500433	0	409.52380952381	true	9
SPRING_UPDATE_RESULT	410.79794500433	410.73843725001	-3.5370121982249	true	9
SPRING_REALIGN	410.73843725001	9	409.52380952381	12613.333333333
SPRING_SCROLL_TO	9	410.73843725001	409.52380952381	-1.2146277261984	-2007.2877663572
SPRING_UPDATE_SCROLL	410.73843725001	9	false	true	false	held	0	0	0
SPRING_DRAG_PENDING	1132	357	1132	357	0
SPRING_UPDATE_MOTION	410.73843725001	-2007.2877663572	409.52380952381	true	9
SPRING_UPDATE_RESULT	410.73843725001	391.17997901356	-1176.0807588874	true	9
SPRING_REALIGN	391.17997901356	9	409.52380952381	12613.333333333
SPRING_UPDATE_SCROLL	391.17997901356	9	false	true	false	held	0	0	0
SPRING_DRAG_PENDING	1132	357	1132	357	0
SPRING_UPDATE_MOTION	391.17997901356	-1176.0807588874	409.52380952381	true	9
SPRING_UPDATE_RESULT	391.17997901356	380.53689895145	-613.52948655448	true	9
SPRING_REALIGN	380.53689895145	9	409.52380952381	12613.333333333
SPRING_UPDATE_SCROLL	380.53689895145	9	false	true	false	held	0	0	0
SPRING_DRAG_PENDING	1132	357	1132	357	0
SPRING_UPDATE_MOTION	380.53689895145	-613.52948655448	409.52380952381	true	9
SPRING_UPDATE_RESULT	380.53689895145	375.86009622485	-308.28066962411	true	9
SPRING_REALIGN	375.86009622485	9	409.52380952381	12613.333333333
SPRING_UPDATE_SCROLL	375.86009622485	9	false	true	false	held	0	0	0
SPRING_DRAG_PENDING	1132	357	1132	357	0
SPRING_UPDATE_MOTION	375.86009622485	-308.28066962411	409.52380952381	true	9
SPRING_UPDATE_RESULT	375.86009622485	374.53534557287	-75.457280405638	true	9
SPRING_REALIGN	374.53534557287	9	409.52380952381	12613.333333333
SPRING_UPDATE_SCROLL	374.53534557287	9	false	true	false	released	0	0	0
SPRING_DRAG_RELEASE	false	0	374.53534557287	-75.457280405638
SPRING_UPDATE_MOTION	374.53534557287	-75.457280405638	409.52380952381	true	9
SPRING_UPDATE_RESULT	374.53534557287	380.43612782232	178.18953983224	true	9
SPRING_REALIGN	380.43612782232	9	409.52380952381	12613.333333333
BUTTON_RELEASE	true	1321	1312
SPRING_UPDATE_SCROLL	380.43612782232	9	false	false	false	idle	0	0	0
SPRING_UPDATE_MOTION	380.43612782232	178.18953983224	409.52380952381	true	9
SPRING_UPDATE_RESULT	380.43612782232	383.51078537718	183.95151245102	true	9
SPRING_REALIGN	383.51078537718	9	409.52380952381	12613.333333333
SPRING_UPDATE_SCROLL	383.51078537718	9	false	false	false	idle	0	0	0
SPRING_UPDATE_MOTION	383.51078537718	183.95151245102	409.52380952381	true	9
SPRING_UPDATE_RESULT	383.51078537718	386.49718764867	178.83076669428	true	9
SPRING_REALIGN	386.49718764867	9	409.52380952381	12613.333333333
SPRING_UPDATE_SCROLL	386.49718764867	9	false	false	false	idle	0	0	0
SPRING_UPDATE_MOTION	386.49718764867	178.83076669428	409.52380952381	true	9
SPRING_UPDATE_RESULT	386.49718764867	389.32236627085	167.50732966774	true	9
SPRING_REALIGN	389.32236627085	9	409.52380952381	12613.333333333
SPRING_UPDATE_SCROLL	389.32236627085	9	false	false	false	idle	0	0	0
SPRING_UPDATE_MOTION	389.32236627085	167.50732966774	409.52380952381	true	9
SPRING_UPDATE_RESULT	389.32236627085	391.83110753479	153.54689287593	true	9
SPRING_REALIGN	391.83110753479	9	409.52380952381	12613.333333333
SPRING_UPDATE_SCROLL	391.83110753479	9	false	false	false	idle	0	0	0
SPRING_UPDATE_MOTION	391.83110753479	153.54689287593	409.52380952381	true	9
SPRING_UPDATE_RESULT	391.83110753479	394.1504990787	138.10670016527	true	9
SPRING_REALIGN	394.1504990787	9	409.52380952381	12613.333333333
SPRING_UPDATE_SCROLL	394.1504990787	9	false	false	false	idle	0	0	0
SPRING_UPDATE_MOTION	394.1504990787	138.10670016527	409.52380952381	true	9
SPRING_UPDATE_RESULT	394.1504990787	396.21426439284	122.69856443833	true	9
SPRING_REALIGN	396.21426439284	9	409.52380952381	12613.333333333
SPRING_UPDATE_SCROLL	396.21426439284	9	false	false	false	idle	0	-1	0
SPRING_UPDATE_MOTION	396.21426439284	122.69856443833	409.52380952381	true	9
SPRING_UPDATE_RESULT	396.21426439284	397.99596232919	108.37249088185	true	9
SPRING_REALIGN	397.99596232919	9	409.52380952381	12613.333333333
SPRING_UPDATE_SCROLL	397.99596232919	9	false	false	false	idle	0	-1	0
SPRING_UPDATE_MOTION	397.99596232919	108.37249088185	409.52380952381	true	9
SPRING_UPDATE_RESULT	397.99596232919	399.59386608382	94.760786042156	true	9
SPRING_REALIGN	399.59386608382	9	409.52380952381	12613.333333333
SPRING_UPDATE_SCROLL	399.59386608382	9	false	false	false	idle	0	-1	0
SPRING_UPDATE_MOTION	399.59386608382	94.760786042156	409.52380952381	true	9
SPRING_UPDATE_RESULT	399.59386608382	400.94803230048	82.814504620477	true	9
SPRING_REALIGN	400.94803230048	9	409.52380952381	12613.333333333
SPRING_UPDATE_SCROLL	400.94803230048	9	false	false	false	idle	0	0	0
SPRING_UPDATE_MOTION	400.94803230048	82.814504620477	409.52380952381	true	9
SPRING_UPDATE_RESULT	400.94803230048	402.14971709706	71.854339991291	true	9
SPRING_REALIGN	402.14971709706	9	409.52380952381	12613.333333333
SPRING_UPDATE_SCROLL	402.14971709706	9	false	false	false	idle	0	0	0
SPRING_UPDATE_MOTION	402.14971709706	71.854339991291	409.52380952381	true	9
SPRING_UPDATE_RESULT	402.14971709706	403.90596758173	52.443233956503	true	9
SPRING_REALIGN	403.90596758173	9	409.52380952381	12613.333333333
SPRING_UPDATE_SCROLL	403.90596758173	9	false	false	false	idle	0	0	0
SPRING_UPDATE_MOTION	403.90596758173	52.443233956503	409.52380952381	true	9
SPRING_UPDATE_RESULT	403.90596758173	405.22261805499	39.704907685206	true	9
SPRING_REALIGN	405.22261805499	9	409.52380952381	12613.333333333
SPRING_UPDATE_SCROLL	405.22261805499	9	false	false	false	idle	0	0	0
SPRING_UPDATE_MOTION	405.22261805499	39.704907685206	409.52380952381	true	9
SPRING_UPDATE_RESULT	405.22261805499	405.81016072648	34.948438973617	true	9
SPRING_REALIGN	405.81016072648	9	409.52380952381	12613.333333333
SPRING_UPDATE_SCROLL	405.81016072648	9	false	false	false	idle	0	0	0
SPRING_UPDATE_MOTION	405.81016072648	34.948438973617	409.52380952381	true	9
SPRING_UPDATE_RESULT	405.81016072648	406.31478908417	30.652272227862	true	9
SPRING_REALIGN	406.31478908417	9	409.52380952381	12613.333333333
SPRING_UPDATE_SCROLL	406.31478908417	9	false	false	false	idle	0	0	0
SPRING_UPDATE_MOTION	406.31478908417	30.652272227862	409.52380952381	true	9
SPRING_UPDATE_RESULT	406.31478908417	406.76356331573	26.66687849812	true	9
SPRING_REALIGN	406.76356331573	9	409.52380952381	12613.333333333
SPRING_UPDATE_SCROLL	406.76356331573	9	false	false	false	idle	0	0	0
SPRING_UPDATE_MOTION	406.76356331573	26.66687849812	409.52380952381	true	9
SPRING_UPDATE_RESULT	406.76356331573	407.15548020336	23.080001391779	true	9
SPRING_REALIGN	407.15548020336	9	409.52380952381	12613.333333333
SPRING_UPDATE_SCROLL	407.15548020336	9	false	false	false	pressed	0	0	0
SPRING_STOP_MOTION	407.15548020336	23.080001391779	409.52380952381	9
SPRING_PRESS	1129	357	407.15548020336
SPRING_UPDATE_MOTION	407.15548020336	0	409.52380952381	false	9
SPRING_START_SNAP	407.15548020336	409.52380952381	81.904761904762
SPRING_UPDATE_RESULT	407.15548020336	407.15548020336	0	true	9
SPRING_REALIGN	407.15548020336	9	409.52380952381	12613.333333333
SPRING_SCROLL_TO	9	407.15548020336	409.52380952381	2.368329320448	2014.2099759227
BUTTON_PRESS	1321	881.33333333333	339.41594836807	372	75.238095238095
SPRING_UPDATE_SCROLL	407.15548020336	9	false	true	false	held	0	0	0
SPRING_DRAG_PENDING	1129	357	1129	357	0
SPRING_UPDATE_MOTION	407.15548020336	2014.2099759227	409.52380952381	true	9
SPRING_UPDATE_RESULT	407.15548020336	426.93305615223	1168.611200004	true	9
SPRING_REALIGN	426.93305615223	9	409.52380952381	12613.333333333
SPRING_UPDATE_SCROLL	426.93305615223	9	false	true	false	held	0	0	0
SPRING_DRAG_PENDING	1129	357	1129	357	0
SPRING_UPDATE_MOTION	426.93305615223	1168.611200004	409.52380952381	true	9
SPRING_UPDATE_RESULT	426.93305615223	437.49674230506	633.77807226105	true	9
SPRING_REALIGN	437.49674230506	9	409.52380952381	12613.333333333
SPRING_UPDATE_SCROLL	437.49674230506	9	false	true	false	held	0	0	0
SPRING_DRAG_PENDING	1129	357	1129	357	0
SPRING_UPDATE_MOTION	437.49674230506	633.77807226105	409.52380952381	true	9
SPRING_UPDATE_RESULT	437.49674230506	442.38267835945	295.61747435495	true	9
SPRING_REALIGN	442.38267835945	9	409.52380952381	12613.333333333
SPRING_UPDATE_SCROLL	442.38267835945	9	false	true	false	held	0	0	0
SPRING_DRAG_PENDING	1129	357	1129	357	0
SPRING_UPDATE_MOTION	442.38267835945	295.61747435495	409.52380952381	true	9
SPRING_UPDATE_RESULT	442.38267835945	443.83740582944	91.158618765933	true	9
SPRING_REALIGN	443.83740582944	9	409.52380952381	12613.333333333
SPRING_UPDATE_SCROLL	443.83740582944	9	false	true	false	held	0	0	0
SPRING_DRAG_PENDING	1129	357	1129	357	0
SPRING_UPDATE_MOTION	443.83740582944	91.158618765933	409.52380952381	true	9
SPRING_UPDATE_RESULT	443.83740582944	437.68595848557	-180.08487888485	true	9
SPRING_REALIGN	437.68595848557	9	409.52380952381	12613.333333333
SPRING_UPDATE_SCROLL	437.68595848557	9	false	true	false	released	0	0	0
SPRING_DRAG_RELEASE	false	0	437.68595848557	-180.08487888485
SPRING_UPDATE_MOTION	437.68595848557	-180.08487888485	409.52380952381	true	9
SPRING_UPDATE_RESULT	437.68595848557	431.52645476576	-184.90289473813	true	9
SPRING_REALIGN	431.52645476576	9	409.52380952381	12613.333333333
BUTTON_RELEASE	true	1321	1321
ACTION_SELECT_BEATMAP	9	true
ACTION_SELECT_SCROLL_TO	9	9
Full Rebuild in: 1.000000 ms
SPRING_REALIGN	431.52645476576	9	409.52380952381	12613.333333333
SPRING_UPDATE_SCROLL	431.52645476576	9	false	false	false	idle	0	0	0
SPRING_UPDATE_MOTION	431.52645476576	-184.90289473813	409.52380952381	true	9
SPRING_UPDATE_RESULT	431.52645476576	428.78050217622	-168.75945459741	true	9
SPRING_REALIGN	428.78050217622	9	409.52380952381	12613.333333333
SPRING_UPDATE_SCROLL	428.78050217622	9	false	false	false	idle	0	0	0
SPRING_UPDATE_MOTION	428.78050217622	-168.75945459741	409.52380952381	true	9
SPRING_UPDATE_RESULT	428.78050217622	426.24633210591	-151.31451305664	true	9
SPRING_REALIGN	426.24633210591	9	409.52380952381	12613.333333333
SPRING_UPDATE_SCROLL	426.24633210591	9	false	false	false	idle	0	0	0
SPRING_UPDATE_MOTION	426.24633210591	-151.31451305664	409.52380952381	true	9
SPRING_UPDATE_RESULT	426.24633210591	424.02346626706	-134.38196518128	true	9
SPRING_REALIGN	424.02346626706	9	409.52380952381	12613.333333333
SPRING_UPDATE_SCROLL	424.02346626706	9	false	false	false	idle	0	0	0
SPRING_UPDATE_MOTION	424.02346626706	-134.38196518128	409.52380952381	true	9
SPRING_UPDATE_RESULT	424.02346626706	421.9834025776	-117.60596828524	true	9
SPRING_REALIGN	421.9834025776	9	409.52380952381	12613.333333333
SPRING_UPDATE_SCROLL	421.9834025776	9	false	false	false	idle	0	0	0
SPRING_UPDATE_MOTION	421.9834025776	-117.60596828524	409.52380952381	true	9
SPRING_UPDATE_RESULT	421.9834025776	420.28679052917	-103.04605325543	true	9
SPRING_REALIGN	420.28679052917	9	409.52380952381	12613.333333333
SPRING_UPDATE_SCROLL	420.28679052917	9	false	false	false	idle	0	0	0
SPRING_UPDATE_MOTION	420.28679052917	-103.04605325543	409.52380952381	true	9
SPRING_UPDATE_RESULT	420.28679052917	418.82335646345	-90.039196084798	true	9
SPRING_REALIGN	418.82335646345	9	409.52380952381	12613.333333333
SPRING_UPDATE_SCROLL	418.82335646345	9	false	false	false	idle	0	0	0
SPRING_UPDATE_MOTION	418.82335646345	-90.039196084798	409.52380952381	true	9
SPRING_UPDATE_RESULT	418.82335646345	417.51278004866	-77.999358114677	true	9
SPRING_REALIGN	417.51278004866	9	409.52380952381	12613.333333333
SPRING_UPDATE_SCROLL	417.51278004866	9	false	false	false	idle	0	0	0
SPRING_UPDATE_MOTION	417.51278004866	-77.999358114677	409.52380952381	true	9
SPRING_UPDATE_RESULT	417.51278004866	416.38387523237	-67.420245473963	true	9
SPRING_REALIGN	416.38387523237	9	409.52380952381	12613.333333333
SPRING_UPDATE_SCROLL	416.38387523237	9	false	false	false	idle	0	0	0
SPRING_UPDATE_MOTION	416.38387523237	-67.420245473963	409.52380952381	true	9
SPRING_UPDATE_RESULT	416.38387523237	415.41942638346	-58.255143209111	true	9
SPRING_REALIGN	415.41942638346	9	409.52380952381	12613.333333333
SPRING_UPDATE_SCROLL	415.41942638346	9	false	false	false	idle	0	-1	0
SPRING_UPDATE_MOTION	415.41942638346	-58.255143209111	409.52380952381	true	9
SPRING_UPDATE_RESULT	415.41942638346	414.59840669933	-50.373014217578	true	9
SPRING_REALIGN	414.59840669933	9	409.52380952381	12613.333333333
SPRING_UPDATE_SCROLL	414.59840669933	9	false	false	false	idle	0	-8	2
SPRING_UPDATE_MOTION	414.59840669933	-50.373014217578	409.52380952381	true	9
SPRING_UPDATE_RESULT	414.59840669933	413.39759982638	-36.482499345327	true	9
SPRING_REALIGN	413.39759982638	9	409.52380952381	12613.333333333
SPRING_UPDATE_SCROLL	413.39759982638	9	false	false	false	idle	0	-8	3
SPRING_UPDATE_MOTION	413.39759982638	-36.482499345327	409.52380952381	true	9
SPRING_UPDATE_RESULT	413.39759982638	412.84221346605	-31.701763237108	true	9
SPRING_REALIGN	412.84221346605	9	409.52380952381	12613.333333333
SPRING_UPDATE_SCROLL	412.84221346605	9	false	false	false	idle	0	-3	1
SPRING_UPDATE_MOTION	412.84221346605	-31.701763237108	409.52380952381	true	9
SPRING_UPDATE_RESULT	412.84221346605	412.38556608802	-27.656323049097	true	9
SPRING_REALIGN	412.38556608802	9	409.52380952381	12613.333333333
SPRING_UPDATE_SCROLL	412.38556608802	9	false	false	false	idle	0	-1	0
SPRING_UPDATE_MOTION	412.38556608802	-27.656323049097	409.52380952381	true	9
SPRING_UPDATE_RESULT	412.38556608802	411.98275926369	-23.972886597045	true	9
SPRING_REALIGN	411.98275926369	9	409.52380952381	12613.333333333
SPRING_UPDATE_SCROLL	411.98275926369	9	false	false	false	idle	0	0	0
SPRING_UPDATE_MOTION	411.98275926369	-23.972886597045	409.52380952381	true	9
SPRING_UPDATE_RESULT	411.98275926369	411.63979695071	-20.777283812562	true	9
SPRING_REALIGN	411.63979695071	9	409.52380952381	12613.333333333
SPRING_UPDATE_SCROLL	411.63979695071	9	false	false	false	idle	0	0	0
SPRING_UPDATE_MOTION	411.63979695071	-20.777283812562	409.52380952381	true	9
SPRING_UPDATE_RESULT	411.63979695071	411.3390222543	-17.918828053527	true	9
SPRING_REALIGN	411.3390222543	9	409.52380952381	12613.333333333
SPRING_UPDATE_SCROLL	411.3390222543	9	false	false	false	idle	0	0	0
SPRING_UPDATE_MOTION	411.3390222543	-17.918828053527	409.52380952381	true	9
SPRING_UPDATE_RESULT	411.3390222543	411.08303705326	-15.460751039896	true	9
SPRING_REALIGN	411.08303705326	9	409.52380952381	12613.333333333
SPRING_UPDATE_SCROLL	411.08303705326	9	false	false	false	idle	0	0	0
SPRING_UPDATE_MOTION	411.08303705326	-15.460751039896	409.52380952381	true	9
SPRING_UPDATE_RESULT	411.08303705326	410.8596303796	-13.287734113726	true	9
SPRING_REALIGN	410.8596303796	9	409.52380952381	12613.333333333
SPRING_UPDATE_SCROLL	410.8596303796	9	false	false	false	idle	0	0	0
SPRING_UPDATE_MOTION	410.8596303796	-13.287734113726	409.52380952381	true	9
SPRING_UPDATE_RESULT	410.8596303796	410.66377557889	-11.360619073677	true	9
SPRING_REALIGN	410.66377557889	9	409.52380952381	12613.333333333
SPRING_UPDATE_SCROLL	410.66377557889	9	false	false	false	idle	0	0	-3
SPRING_UPDATE_MOTION	410.66377557889	-11.360619073677	409.52380952381	true	9
SPRING_UPDATE_RESULT	410.66377557889	410.51194663899	-9.8877221484585	true	9
SPRING_REALIGN	410.51194663899	9	409.52380952381	12613.333333333
SPRING_UPDATE_SCROLL	410.51194663899	9	false	false	false	idle	0	-1	-1
SPRING_UPDATE_MOTION	410.51194663899	-9.8877221484585	409.52380952381	true	9
SPRING_UPDATE_RESULT	410.51194663899	410.36346537854	-8.4003043980876	true	9
SPRING_REALIGN	410.36346537854	9	409.52380952381	12613.333333333
SPRING_UPDATE_SCROLL	410.36346537854	9	false	false	false	idle	0	-12	-28
SPRING_UPDATE_MOTION	410.36346537854	-8.4003043980876	409.52380952381	true	9
SPRING_UPDATE_RESULT	410.36346537854	410.12256161948	-4.8522544615374	true	9
SPRING_REALIGN	410.12256161948	9	409.52380952381	12613.333333333
SPRING_UPDATE_SCROLL	410.12256161948	9	false	false	false	idle	0	-3	-11
SPRING_UPDATE_MOTION	410.12256161948	-4.8522544615374	409.52380952381	true	9
SPRING_UPDATE_RESULT	410.12256161948	410.04791075876	-4.4768669325727	true	9
SPRING_REALIGN	410.04791075876	9	409.52380952381	12613.333333333
SPRING_UPDATE_SCROLL	410.04791075876	9	false	false	false	idle	0	-5	-14
SPRING_UPDATE_MOTION	410.04791075876	-4.4768669325727	409.52380952381	true	9
SPRING_UPDATE_RESULT	410.04791075876	409.98037729967	-4.0528748604961	true	9
SPRING_REALIGN	409.98037729967	9	409.52380952381	12613.333333333
SPRING_UPDATE_SCROLL	409.98037729967	9	false	false	false	idle	0	-3	-15
SPRING_UPDATE_MOTION	409.98037729967	-4.0528748604961	409.52380952381	true	9
SPRING_UPDATE_RESULT	409.98037729967	409.92050092221	-3.6234252432428	true	9
SPRING_REALIGN	409.92050092221	9	409.52380952381	12613.333333333
SPRING_UPDATE_SCROLL	409.92050092221	9	false	false	false	idle	0	-3	-13
SPRING_UPDATE_MOTION	409.92050092221	-3.6234252432428	409.52380952381	true	9
SPRING_UPDATE_RESULT	409.92050092221	409.86695105913	-3.2032986029676	true	9
SPRING_REALIGN	409.86695105913	9	409.52380952381	12613.333333333
SPRING_UPDATE_SCROLL	409.86695105913	9	false	false	false	idle	0	-3	-16
SPRING_UPDATE_MOTION	409.86695105913	-3.2032986029676	409.52380952381	true	9
SPRING_UPDATE_RESULT	409.86695105913	409.81990772599	-2.8105539541557	true	9
SPRING_REALIGN	409.81990772599	9	409.52380952381	12613.333333333
SPRING_UPDATE_SCROLL	409.81990772599	9	false	false	false	idle	0	-2	-19
SPRING_UPDATE_MOTION	409.81990772599	-2.8105539541557	409.52380952381	true	9
SPRING_UPDATE_RESULT	409.81990772599	409.77921043289	-2.4557864530361	true	9
SPRING_REALIGN	409.77921043289	9	409.52380952381	12613.333333333
SPRING_UPDATE_SCROLL	409.77921043289	9	false	false	false	idle	0	-1	-19
SPRING_UPDATE_MOTION	409.77921043289	-2.4557864530361	409.52380952381	true	9
SPRING_UPDATE_RESULT	409.77921043289	409.74448911065	-2.143979687797	true	9
SPRING_REALIGN	409.74448911065	9	409.52380952381	12613.333333333
SPRING_UPDATE_SCROLL	409.74448911065	9	false	false	false	idle	0	-2	-17
SPRING_UPDATE_MOTION	409.74448911065	-2.143979687797	409.52380952381	true	9
SPRING_UPDATE_RESULT	409.74448911065	409.71220780412	-1.8429190086649	true	9
SPRING_REALIGN	409.71220780412	9	409.52380952381	12613.333333333
SPRING_UPDATE_SCROLL	409.71220780412	9	false	false	false	idle	0	-1	-17
SPRING_UPDATE_MOTION	409.71220780412	-1.8429190086649	409.52380952381	true	9
SPRING_UPDATE_RESULT	409.71220780412	409.6870373881	-1.6083744007658	true	9
SPRING_REALIGN	409.6870373881	9	409.52380952381	12613.333333333
SPRING_UPDATE_SCROLL	409.6870373881	9	false	false	false	idle	0	-3	-25
SPRING_UPDATE_MOTION	409.6870373881	-1.6083744007658	409.52380952381	true	9
SPRING_UPDATE_RESULT	409.6870373881	409.66247442107	-1.3704030389834	true	9
SPRING_REALIGN	409.66247442107	9	409.52380952381	12613.333333333
SPRING_UPDATE_SCROLL	409.66247442107	9	false	false	false	idle	0	0	-46
SPRING_UPDATE_MOTION	409.66247442107	-1.3704030389834	409.52380952381	true	9
SPRING_UPDATE_RESULT	409.66247442107	409.62248289324	-0.8051299217344	true	9
SPRING_REALIGN	409.62248289324	9	409.52380952381	12613.333333333
SPRING_UPDATE_SCROLL	409.62248289324	9	false	false	false	idle	0	0	-8
SPRING_UPDATE_MOTION	409.62248289324	-0.8051299217344	409.52380952381	true	9
SPRING_UPDATE_RESULT	409.62248289324	409.61032625536	-0.74210911777366	true	9
SPRING_REALIGN	409.61032625536	9	409.52380952381	12613.333333333
SPRING_UPDATE_SCROLL	409.61032625536	9	false	false	false	idle	0	0	-7
SPRING_UPDATE_MOTION	409.61032625536	-0.74210911777366	409.52380952381	true	9
SPRING_UPDATE_RESULT	409.61032625536	409.59921001365	-0.67127468805064	true	9
SPRING_REALIGN	409.59921001365	9	409.52380952381	12613.333333333
SPRING_UPDATE_SCROLL	409.59921001365	9	false	false	false	idle	0	1	-7
SPRING_UPDATE_MOTION	409.59921001365	-0.67127468805064	409.52380952381	true	9
SPRING_UPDATE_RESULT	409.59921001365	409.58921190719	-0.59879657791334	true	9
SPRING_REALIGN	409.58921190719	9	409.52380952381	12613.333333333
SPRING_UPDATE_SCROLL	409.58921190719	9	false	false	false	idle	0	1	-6
SPRING_UPDATE_MOTION	409.58921190719	-0.59879657791334	409.52380952381	true	9
SPRING_UPDATE_RESULT	409.58921190719	409.58037707658	-0.52901276693211	true	9
SPRING_REALIGN	409.58037707658	9	409.52380952381	12613.333333333
SPRING_UPDATE_SCROLL	409.58037707658	9	false	false	false	idle	0	1	-1
SPRING_UPDATE_MOTION	409.58037707658	-0.52901276693211	409.52380952381	true	9
SPRING_UPDATE_RESULT	409.58037707658	409.57248191264	-0.46259280607413	true	9
SPRING_REALIGN	409.57248191264	9	409.52380952381	12613.333333333
SPRING_UPDATE_SCROLL	409.57248191264	9	false	false	false	idle	0	0	-1
SPRING_UPDATE_MOTION	409.57248191264	-0.46259280607413	409.52380952381	true	9
SPRING_UPDATE_RESULT	409.57248191264	409.56583061475	-0.4044817492063	true	9
SPRING_REALIGN	409.56583061475	9	409.52380952381	12613.333333333
SPRING_UPDATE_SCROLL	409.56583061475	9	false	false	false	idle	0	0	0
SPRING_UPDATE_MOTION	409.56583061475	-0.4044817492063	409.52380952381	true	9
SPRING_UPDATE_RESULT	409.56583061475	409.55999311921	-0.35172839849591	true	9
SPRING_REALIGN	409.55999311921	9	409.52380952381	12613.333333333
SPRING_UPDATE_SCROLL	409.55999311921	9	false	false	false	idle	0	0	0
SPRING_UPDATE_MOTION	409.55999311921	-0.35172839849591	409.52380952381	true	9
SPRING_UPDATE_RESULT	409.55999311921	409.55493574273	-0.30490552572622	true	9
SPRING_REALIGN	409.55493574273	9	409.52380952381	12613.333333333
SPRING_UPDATE_SCROLL	409.55493574273	9	false	false	false	idle	0	0	0
SPRING_UPDATE_MOTION	409.55493574273	-0.30490552572622	409.52380952381	true	9
SPRING_UPDATE_RESULT	409.55493574273	409.55055468657	-0.2635697363107	true	9
SPRING_REALIGN	409.55055468657	9	409.52380952381	12613.333333333
SPRING_UPDATE_SCROLL	409.55055468657	9	false	false	false	idle	0	1	0
SPRING_UPDATE_MOTION	409.55055468657	-0.2635697363107	409.52380952381	true	9
SPRING_UPDATE_RESULT	409.55055468657	409.54687461446	-0.2285233900503	true	9
SPRING_REALIGN	409.54687461446	9	409.52380952381	12613.333333333
SPRING_UPDATE_SCROLL	409.54687461446	9	false	false	false	idle	0	0	0
SPRING_UPDATE_MOTION	409.54687461446	-0.2285233900503	409.52380952381	true	9
SPRING_UPDATE_RESULT	409.54687461446	409.54127720802	-0.1630423359156	true	9
SPRING_REALIGN	409.54127720802	9	409.52380952381	12613.333333333
SPRING_UPDATE_SCROLL	409.54127720802	9	false	false	false	idle	0	0	1
SPRING_UPDATE_MOTION	409.54127720802	-0.1630423359156	409.52380952381	true	9
SPRING_UPDATE_RESULT	409.54127720802	409.53720745632	-0.12379246930689	true	9
SPRING_REALIGN	409.53720745632	9	409.52380952381	12613.333333333
SPRING_UPDATE_SCROLL	409.53720745632	9	false	false	false	idle	0	0	3
SPRING_UPDATE_MOTION	409.53720745632	-0.12379246930689	409.52380952381	true	9
SPRING_UPDATE_RESULT	409.53720745632	409.53534751265	-0.10865807099437	true	9
SPRING_REALIGN	409.53534751265	9	409.52380952381	12613.333333333
SPRING_UPDATE_SCROLL	409.53534751265	9	false	false	false	idle	0	-1	3
SPRING_UPDATE_MOTION	409.53534751265	-0.10865807099437	409.52380952381	true	9
SPRING_STOP_MOTION	409.52380952381	-0.095564112583152	409.52380952381	9
SPRING_UPDATE_RESULT	409.53534751265	409.52380952381	0	false	nil
SPRING_REALIGN	409.52380952381	nil	409.52380952381	12613.333333333
Full Rebuild in: 2.000000 ms
SPRING_REALIGN	409.52380952381	nil	409.52380952381	12613.333333333
SPRING_UPDATE_SCROLL	409.52380952381	nil	false	false	false	pressed	0	1	2
SPRING_STOP_MOTION	409.52380952381	0	409.52380952381	nil
SPRING_PRESS	1070	119	409.52380952381
SPRING_UPDATE_MOTION	409.52380952381	0	409.52380952381	false	nil
SPRING_START_SNAP	409.52380952381	409.52380952381	81.904761904762
SPRING_UPDATE_RESULT	409.52380952381	409.52380952381	0	true	nil
SPRING_REALIGN	409.52380952381	nil	409.52380952381	12613.333333333
BUTTON_PRESS	1761	881.33333333333	91.333333333333	372	75.238095238095
SPRING_UPDATE_SCROLL	409.52380952381	nil	false	true	false	held	0	1	3
SPRING_DRAG_PENDING	1070	119	1071	122	3.1622776601684
SPRING_UPDATE_MOTION	409.52380952381	0	409.52380952381	true	nil
SPRING_STOP_MOTION	409.52380952381	-3.070832121921e-13	409.52380952381	nil
SPRING_UPDATE_RESULT	409.52380952381	409.52380952381	0	false	nil
SPRING_REALIGN	409.52380952381	nil	409.52380952381	12613.333333333
SPRING_UPDATE_SCROLL	409.52380952381	nil	false	true	false	held	0	1	1
SPRING_DRAG_PENDING	1070	119	1072	123	4.4721359549996
SPRING_UPDATE_MOTION	409.52380952381	0	409.52380952381	false	nil
SPRING_START_SNAP	409.52380952381	409.52380952381	81.904761904762
SPRING_UPDATE_RESULT	409.52380952381	409.52380952381	0	true	nil
SPRING_UPDATE_SCROLL	409.52380952381	nil	false	true	false	held	0	0	3
SPRING_DRAG_PENDING	1070	119	1072	126	7.2801098892805
SPRING_UPDATE_MOTION	409.52380952381	0	409.52380952381	true	nil
SPRING_STOP_MOTION	409.52380952381	0	409.52380952381	nil
SPRING_UPDATE_RESULT	409.52380952381	409.52380952381	0	false	nil
SPRING_UPDATE_SCROLL	409.52380952381	nil	false	true	false	held	0	1	3
SPRING_STOP_MOTION	409.52380952381	0	409.52380952381	nil
SPRING_DRAG_START	1070	119	1070.1265211443	119.42173714779	10.440306508911
SPRING_DRAG_MOVE	0.42173714778849	409.10207237602	-10.121691546923	0
SPRING_UPDATE_RESULT	409.52380952381	409.10207237602	-10.121691546923	false	nil
SPRING_REALIGN	409.10207237602	nil	409.52380952381	12613.333333333
SPRING_UPDATE_SCROLL	409.10207237602	nil	true	false	true	held	0	1	2
SPRING_DRAG_MOVE	11.578262852212	397.52380952381	-284.11407208395	0
SPRING_UPDATE_RESULT	409.10207237602	397.52380952381	-284.11407208395	false	nil
SPRING_REALIGN	397.52380952381	nil	409.52380952381	12613.333333333
SPRING_UPDATE_SCROLL	397.52380952381	nil	true	false	true	held	0	1	4
SPRING_DRAG_MOVE	4	393.52380952381	-265.67519676111	0
SPRING_UPDATE_RESULT	397.52380952381	393.52380952381	-265.67519676111	false	nil
SPRING_REALIGN	393.52380952381	nil	409.52380952381	12613.333333333
SPRING_UPDATE_SCROLL	393.52380952381	nil	true	false	true	held	0	0	2
SPRING_DRAG_MOVE	2	391.52380952381	-208.91096507191	0
SPRING_UPDATE_RESULT	393.52380952381	391.52380952381	-208.91096507191	false	nil
SPRING_REALIGN	391.52380952381	nil	409.52380952381	12613.333333333
SPRING_UPDATE_SCROLL	391.52380952381	nil	true	false	true	held	0	0	5
SPRING_DRAG_MOVE	5	386.52380952381	-248.4690458915	0
SPRING_UPDATE_RESULT	391.52380952381	386.52380952381	-248.4690458915	false	nil
SPRING_REALIGN	386.52380952381	nil	409.52380952381	12613.333333333
SPRING_UPDATE_SCROLL	386.52380952381	nil	true	false	true	held	0	0	4
SPRING_DRAG_MOVE	4	382.52380952381	-238.72201138674	0
SPRING_UPDATE_RESULT	386.52380952381	382.52380952381	-238.72201138674	false	nil
SPRING_REALIGN	382.52380952381	nil	409.52380952381	12613.333333333
SPRING_UPDATE_SCROLL	382.52380952381	nil	true	false	true	held	0	2	8
SPRING_DRAG_MOVE	8	374.52380952381	-241.14713281626	0
SPRING_UPDATE_RESULT	382.52380952381	374.52380952381	-241.14713281626	false	nil
SPRING_REALIGN	374.52380952381	nil	409.52380952381	12613.333333333
SPRING_UPDATE_SCROLL	374.52380952381	nil	true	false	true	held	0	1	11
SPRING_DRAG_MOVE	11	363.52380952381	-215.77057343675	0
SPRING_UPDATE_RESULT	374.52380952381	363.52380952381	-215.77057343675	false	nil
SPRING_REALIGN	363.52380952381	nil	409.52380952381	12613.333333333
Full Rebuild in: 1.000000 ms
SPRING_REALIGN	363.52380952381	nil	409.52380952381	12613.333333333
SPRING_UPDATE_SCROLL	363.52380952381	nil	true	false	true	held	0	0	3
SPRING_DRAG_MOVE	3	360.52380952381	-208.2097488181	0
SPRING_UPDATE_RESULT	363.52380952381	360.52380952381	-208.2097488181	false	nil
SPRING_REALIGN	360.52380952381	nil	409.52380952381	12613.333333333
SPRING_UPDATE_SCROLL	360.52380952381	nil	true	false	true	held	0	0	3
SPRING_DRAG_MOVE	3	357.52380952381	-193.83301839802	0
SPRING_UPDATE_RESULT	360.52380952381	357.52380952381	-193.83301839802	false	nil
SPRING_REALIGN	357.52380952381	nil	409.52380952381	12613.333333333
SPRING_UPDATE_SCROLL	357.52380952381	nil	true	false	true	held	0	0	3
SPRING_DRAG_MOVE	3	354.52380952381	-189.60360945377	0
SPRING_UPDATE_RESULT	357.52380952381	354.52380952381	-189.60360945377	false	nil
SPRING_REALIGN	354.52380952381	nil	409.52380952381	12613.333333333
SPRING_UPDATE_SCROLL	354.52380952381	nil	true	false	true	held	0	1	5
SPRING_DRAG_MOVE	5	349.52380952381	-233.92446636195	0
SPRING_UPDATE_RESULT	354.52380952381	349.52380952381	-233.92446636195	false	nil
SPRING_REALIGN	349.52380952381	nil	409.52380952381	12613.333333333
SPRING_UPDATE_SCROLL	349.52380952381	nil	true	false	true	held	0	0	4
SPRING_DRAG_MOVE	4	345.52380952381	-235.98900909135	0
SPRING_UPDATE_RESULT	349.52380952381	345.52380952381	-235.98900909135	false	nil
SPRING_REALIGN	345.52380952381	nil	409.52380952381	12613.333333333
SPRING_UPDATE_SCROLL	345.52380952381	nil	true	false	true	held	0	2	8
SPRING_DRAG_MOVE	8	337.52380952381	-332.64623996792	0
SPRING_UPDATE_RESULT	345.52380952381	337.52380952381	-332.64623996792	false	nil
SPRING_REALIGN	337.52380952381	nil	409.52380952381	12613.333333333
SPRING_UPDATE_SCROLL	337.52380952381	nil	true	false	true	held	0	0	6
SPRING_DRAG_MOVE	6	331.52380952381	-342.81068236419	0
SPRING_UPDATE_RESULT	337.52380952381	331.52380952381	-342.81068236419	false	nil
SPRING_REALIGN	331.52380952381	nil	409.52380952381	12613.333333333
SPRING_UPDATE_SCROLL	331.52380952381	nil	true	false	true	held	0	0	5
SPRING_DRAG_MOVE	5	326.52380952381	-328.46866091658	0
SPRING_UPDATE_RESULT	331.52380952381	326.52380952381	-328.46866091658	false	nil
SPRING_REALIGN	326.52380952381	nil	409.52380952381	12613.333333333
SPRING_UPDATE_SCROLL	326.52380952381	nil	true	false	true	held	0	0	5
SPRING_DRAG_MOVE	5	321.52380952381	-316.51570490332	0
SPRING_UPDATE_RESULT	326.52380952381	321.52380952381	-316.51570490332	false	nil
SPRING_REALIGN	321.52380952381	nil	409.52380952381	12613.333333333
SPRING_UPDATE_SCROLL	321.52380952381	nil	true	false	true	held	0	0	6
SPRING_DRAG_MOVE	6	315.52380952381	-338.73742689831	0
SPRING_UPDATE_RESULT	321.52380952381	315.52380952381	-338.73742689831	false	nil
SPRING_REALIGN	315.52380952381	nil	409.52380952381	12613.333333333
SPRING_UPDATE_SCROLL	315.52380952381	nil	true	false	true	held	0	1	11
SPRING_DRAG_MOVE	11	304.52380952381	-324.73751757245	0
SPRING_UPDATE_RESULT	315.52380952381	304.52380952381	-324.73751757245	false	nil
SPRING_REALIGN	304.52380952381	nil	409.52380952381	12613.333333333
SPRING_UPDATE_SCROLL	304.52380952381	nil	true	false	true	held	0	1	4
SPRING_DRAG_MOVE	4	300.52380952381	-297.37025422671	0
SPRING_UPDATE_RESULT	304.52380952381	300.52380952381	-297.37025422671	false	nil
SPRING_REALIGN	300.52380952381	nil	409.52380952381	12613.333333333
SPRING_UPDATE_SCROLL	300.52380952381	nil	true	false	true	held	0	0	6
SPRING_DRAG_MOVE	6	294.52380952381	-316.30845800532	0
SPRING_UPDATE_RESULT	300.52380952381	294.52380952381	-316.30845800532	false	nil
SPRING_REALIGN	294.52380952381	nil	409.52380952381	12613.333333333
SPRING_UPDATE_SCROLL	294.52380952381	nil	true	false	true	held	0	0	7
SPRING_DRAG_MOVE	7	287.52380952381	-360.09792224812	0
SPRING_UPDATE_RESULT	294.52380952381	287.52380952381	-360.09792224812	false	nil
SPRING_REALIGN	287.52380952381	nil	409.52380952381	12613.333333333
SPRING_UPDATE_SCROLL	287.52380952381	nil	true	false	true	held	0	0	6
SPRING_DRAG_MOVE	6	281.52380952381	-358.540004352	0
SPRING_UPDATE_RESULT	287.52380952381	281.52380952381	-358.540004352	false	nil
SPRING_REALIGN	281.52380952381	nil	409.52380952381	12613.333333333
Full Rebuild in: 1.000000 ms
SPRING_REALIGN	281.52380952381	nil	409.52380952381	12613.333333333
SPRING_UPDATE_SCROLL	281.52380952381	nil	true	false	true	held	0	1	6
SPRING_DRAG_MOVE	6	275.52380952381	-360.46867104353	0
SPRING_UPDATE_RESULT	281.52380952381	275.52380952381	-360.46867104353	false	nil
SPRING_REALIGN	275.52380952381	nil	409.52380952381	12613.333333333
SPRING_UPDATE_SCROLL	275.52380952381	nil	true	false	true	held	0	0	12
SPRING_DRAG_MOVE	12	263.52380952381	-500.82733600764	0
SPRING_UPDATE_RESULT	275.52380952381	263.52380952381	-500.82733600764	false	nil
SPRING_REALIGN	263.52380952381	nil	409.52380952381	12613.333333333
SPRING_UPDATE_SCROLL	263.52380952381	nil	true	false	true	held	0	0	10
SPRING_DRAG_MOVE	10	253.52380952381	-543.36393859964	0
SPRING_UPDATE_RESULT	263.52380952381	253.52380952381	-543.36393859964	false	nil
SPRING_REALIGN	253.52380952381	nil	409.52380952381	12613.333333333
SPRING_UPDATE_SCROLL	253.52380952381	nil	true	false	true	held	0	0	10
SPRING_DRAG_MOVE	10	243.52380952381	-563.05637765769	0
SPRING_UPDATE_RESULT	253.52380952381	243.52380952381	-563.05637765769	false	nil
SPRING_REALIGN	243.52380952381	nil	409.52380952381	12613.333333333
SPRING_UPDATE_SCROLL	243.52380952381	nil	true	false	true	held	0	0	8
SPRING_DRAG_MOVE	8	235.52380952381	-532.94415002478	0
SPRING_UPDATE_RESULT	243.52380952381	235.52380952381	-532.94415002478	false	nil
SPRING_REALIGN	235.52380952381	nil	409.52380952381	12613.333333333
SPRING_UPDATE_SCROLL	235.52380952381	nil	true	false	true	held	0	0	6
SPRING_DRAG_MOVE	6	229.52380952381	-474.2531254661	0
SPRING_UPDATE_RESULT	235.52380952381	229.52380952381	-474.2531254661	false	nil
SPRING_REALIGN	229.52380952381	nil	409.52380952381	12613.333333333
SPRING_UPDATE_SCROLL	229.52380952381	nil	true	false	true	held	0	0	4
SPRING_DRAG_MOVE	4	225.52380952381	-369.29348548359	0
SPRING_UPDATE_RESULT	229.52380952381	225.52380952381	-369.29348548359	false	nil
SPRING_REALIGN	225.52380952381	nil	409.52380952381	12613.333333333
SPRING_UPDATE_SCROLL	225.52380952381	nil	true	false	true	held	0	1	20
SPRING_DRAG_MOVE	20	205.52380952381	-406.14130290328	0
SPRING_UPDATE_RESULT	225.52380952381	205.52380952381	-406.14130290328	false	nil
SPRING_REALIGN	205.52380952381	nil	409.52380952381	12613.333333333
SPRING_UPDATE_SCROLL	205.52380952381	nil	true	false	true	held	0	2	6
SPRING_DRAG_MOVE	6	199.52380952381	-386.81986322331	0
SPRING_UPDATE_RESULT	205.52380952381	199.52380952381	-386.81986322331	false	nil
SPRING_REALIGN	199.52380952381	nil	409.52380952381	12613.333333333
Full Rebuild in: 0.000000 ms
SPRING_REALIGN	199.52380952381	nil	409.52380952381	12613.333333333
SPRING_UPDATE_SCROLL	199.52380952381	nil	true	false	true	held	0	0	7
SPRING_DRAG_MOVE	7	192.52380952381	-400.83801608617	0
SPRING_UPDATE_RESULT	199.52380952381	192.52380952381	-400.83801608617	false	nil
SPRING_REALIGN	192.52380952381	nil	409.52380952381	12613.333333333
SPRING_UPDATE_SCROLL	192.52380952381	nil	true	false	true	held	0	0	7
SPRING_DRAG_MOVE	7	185.52380952381	-411.52609030423	0
SPRING_UPDATE_RESULT	192.52380952381	185.52380952381	-411.52609030423	false	nil
SPRING_REALIGN	185.52380952381	nil	409.52380952381	12613.333333333
SPRING_UPDATE_SCROLL	185.52380952381	nil	true	false	true	held	0	0	11
SPRING_DRAG_MOVE	11	174.52380952381	-508.72271395253	0
SPRING_UPDATE_RESULT	185.52380952381	174.52380952381	-508.72271395253	false	nil
SPRING_REALIGN	174.52380952381	nil	409.52380952381	12613.333333333
SPRING_UPDATE_SCROLL	174.52380952381	nil	true	false	true	held	0	1	9
SPRING_DRAG_MOVE	9	165.52380952381	-522.4517140378	0
SPRING_UPDATE_RESULT	174.52380952381	165.52380952381	-522.4517140378	false	nil
SPRING_REALIGN	165.52380952381	nil	409.52380952381	12613.333333333
SPRING_UPDATE_SCROLL	165.52380952381	nil	true	false	true	held	0	0	7
SPRING_DRAG_MOVE	7	158.52380952381	-483.92947720826	0
SPRING_UPDATE_RESULT	165.52380952381	158.52380952381	-483.92947720826	false	nil
SPRING_REALIGN	158.52380952381	nil	409.52380952381	12613.333333333
SPRING_UPDATE_SCROLL	158.52380952381	nil	true	false	true	held	0	1	6
SPRING_DRAG_MOVE	6	152.52380952381	-435.03325187513	0
SPRING_UPDATE_RESULT	158.52380952381	152.52380952381	-435.03325187513	false	nil
SPRING_REALIGN	152.52380952381	nil	409.52380952381	12613.333333333
SPRING_UPDATE_SCROLL	152.52380952381	nil	true	false	true	held	0	0	5
SPRING_DRAG_MOVE	5	147.52380952381	-378.92204677124	0
SPRING_UPDATE_RESULT	152.52380952381	147.52380952381	-378.92204677124	false	nil
SPRING_REALIGN	147.52380952381	nil	409.52380952381	12613.333333333
SPRING_UPDATE_SCROLL	147.52380952381	nil	true	false	true	held	0	1	4
SPRING_DRAG_MOVE	4	143.52380952381	-330.59548935828	0
SPRING_UPDATE_RESULT	147.52380952381	143.52380952381	-330.59548935828	false	nil
SPRING_REALIGN	143.52380952381	nil	409.52380952381	12613.333333333
SPRING_UPDATE_SCROLL	143.52380952381	nil	true	false	true	held	0	0	5
SPRING_DRAG_MOVE	5	138.52380952381	-309.9220835849	0
SPRING_UPDATE_RESULT	143.52380952381	138.52380952381	-309.9220835849	false	nil
SPRING_REALIGN	138.52380952381	nil	409.52380952381	12613.333333333
SPRING_UPDATE_SCROLL	138.52380952381	nil	true	false	true	held	0	0	8
SPRING_DRAG_MOVE	8	130.52380952381	-257.05214946913	0
SPRING_UPDATE_RESULT	138.52380952381	130.52380952381	-257.05214946913	false	nil
SPRING_REALIGN	130.52380952381	nil	409.52380952381	12613.333333333
SPRING_UPDATE_SCROLL	130.52380952381	nil	true	false	true	held	0	0	1
SPRING_DRAG_MOVE	1	129.52380952381	-74.08918184556	0
SPRING_UPDATE_RESULT	130.52380952381	129.52380952381	-74.08918184556	false	nil
SPRING_REALIGN	129.52380952381	nil	409.52380952381	12613.333333333
SPRING_UPDATE_SCROLL	129.52380952381	nil	true	false	true	held	0	0	0
SPRING_DRAG_MOVE	0	129.52380952381	-45.843066530683	0
SPRING_UPDATE_RESULT	129.52380952381	129.52380952381	-45.843066530683	false	nil
SPRING_UPDATE_SCROLL	129.52380952381	nil	true	false	true	held	0	0	0
SPRING_DRAG_MOVE	0	129.52380952381	-26.732339025451	0
SPRING_UPDATE_RESULT	129.52380952381	129.52380952381	-26.732339025451	false	nil
SPRING_UPDATE_SCROLL	129.52380952381	nil	true	false	true	held	0	0	0
SPRING_DRAG_MOVE	0	129.52380952381	-15.976764198466	0
SPRING_UPDATE_RESULT	129.52380952381	129.52380952381	-15.976764198466	false	nil
SPRING_UPDATE_SCROLL	129.52380952381	nil	true	false	true	held	0	0	0
SPRING_DRAG_MOVE	0	129.52380952381	-9.6241982505748	0
SPRING_UPDATE_RESULT	129.52380952381	129.52380952381	-9.6241982505748	false	nil
SPRING_UPDATE_SCROLL	129.52380952381	nil	true	false	true	held	0	0	0
SPRING_DRAG_MOVE	0	129.52380952381	-5.7864991523269	0
SPRING_UPDATE_RESULT	129.52380952381	129.52380952381	-5.7864991523269	false	nil
SPRING_UPDATE_SCROLL	129.52380952381	nil	true	false	true	released	0	0	0
SPRING_DRAG_RELEASE	true	-280	129.52380952381	-5.7864991523269
SPRING_UPDATE_MOTION	129.52380952381	-5.7864991523269	409.52380952381	false	nil
SPRING_START_SNAP	129.46616068708	163.80952380952	81.904761904762
SPRING_UPDATE_RESULT	129.52380952381	129.46616068708	-3.4972813912781	true	nil
SPRING_REALIGN	129.46616068708	nil	163.80952380952	12613.333333333
BUTTON_RELEASE	true	1802	2346
SPRING_UPDATE_SCROLL	129.46616068708	nil	false	false	false	idle	0	0	0
SPRING_UPDATE_MOTION	129.46616068708	-3.4972813912781	163.80952380952	true	nil
SPRING_UPDATE_RESULT	129.46616068708	131.15223906088	96.764806668731	true	nil
SPRING_REALIGN	131.15223906088	nil	163.80952380952	12613.333333333
SPRING_UPDATE_SCROLL	131.15223906088	nil	false	false	false	idle	0	0	0
SPRING_UPDATE_MOTION	131.15223906088	96.764806668731	163.80952380952	true	nil
SPRING_UPDATE_RESULT	131.15223906088	133.56883774866	145.93515995597	true	nil
SPRING_REALIGN	133.56883774866	nil	163.80952380952	12613.333333333
SPRING_UPDATE_SCROLL	133.56883774866	nil	false	false	false	idle	0	0	0
SPRING_UPDATE_MOTION	133.56883774866	145.93515995597	163.80952380952	true	nil
SPRING_UPDATE_RESULT	133.56883774866	136.24263116822	167.36418102002	true	nil
SPRING_REALIGN	136.24263116822	nil	163.80952380952	12613.333333333
SPRING_UPDATE_SCROLL	136.24263116822	nil	false	false	false	idle	0	0	0
SPRING_UPDATE_MOTION	136.24263116822	167.36418102002	163.80952380952	true	nil
SPRING_UPDATE_RESULT	136.24263116822	139.05371169746	173.27641013389	true	nil
SPRING_REALIGN	139.05371169746	nil	163.80952380952	12613.333333333
SPRING_UPDATE_SCROLL	139.05371169746	nil	false	false	false	idle	0	0	0
SPRING_UPDATE_MOTION	139.05371169746	173.27641013389	163.80952380952	true	nil
SPRING_UPDATE_RESULT	139.05371169746	144.54405157401	165.05350759234	true	nil
SPRING_REALIGN	144.54405157401	nil	163.80952380952	12613.333333333
SPRING_UPDATE_SCROLL	144.54405157401	nil	false	false	false	idle	0	0	0
SPRING_UPDATE_MOTION	144.54405157401	165.05350759234	163.80952380952	true	nil
SPRING_UPDATE_RESULT	144.54405157401	149.07598378831	132.69149977883	true	nil
SPRING_REALIGN	149.07598378831	nil	163.80952380952	12613.333333333
SPRING_UPDATE_SCROLL	149.07598378831	nil	false	false	false	idle	0	0	0
SPRING_UPDATE_MOTION	149.07598378831	132.69149977883	163.80952380952	true	nil
SPRING_UPDATE_RESULT	149.07598378831	151.04799049508	117.8633284185	true	nil
SPRING_REALIGN	151.04799049508	nil	163.80952380952	12613.333333333
SPRING_UPDATE_SCROLL	151.04799049508	nil	false	false	false	idle	0	0	0
SPRING_UPDATE_MOTION	151.04799049508	117.8633284185	163.80952380952	true	nil
SPRING_UPDATE_RESULT	151.04799049508	152.79694712078	103.6775084596	true	nil
SPRING_REALIGN	152.79694712078	nil	163.80952380952	12613.333333333
SPRING_UPDATE_SCROLL	152.79694712078	nil	false	false	false	idle	0	0	0
SPRING_UPDATE_MOTION	152.79694712078	103.6775084596	163.80952380952	true	nil
SPRING_UPDATE_RESULT	152.79694712078	154.28009184732	91.056392144866	true	nil
SPRING_REALIGN	154.28009184732	nil	163.80952380952	12613.333333333
SPRING_UPDATE_SCROLL	154.28009184732	nil	false	false	false	idle	0	0	0
SPRING_UPDATE_MOTION	154.28009184732	91.056392144866	163.80952380952	true	nil
SPRING_UPDATE_RESULT	154.28009184732	155.58865233886	79.462249831234	true	nil
SPRING_REALIGN	155.58865233886	nil	163.80952380952	12613.333333333
SPRING_UPDATE_SCROLL	155.58865233886	nil	false	false	false	idle	0	0	0
SPRING_UPDATE_MOTION	155.58865233886	79.462249831234	163.80952380952	true	nil
SPRING_UPDATE_RESULT	155.58865233886	156.73917448479	68.947626337239	true	nil
SPRING_REALIGN	156.73917448479	nil	163.80952380952	12613.333333333
SPRING_UPDATE_SCROLL	156.73917448479	nil	false	false	false	idle	0	0	0
SPRING_UPDATE_MOTION	156.73917448479	68.947626337239	163.80952380952	true	nil
SPRING_UPDATE_RESULT	156.73917448479	157.74330536592	59.554872372761	true	nil
SPRING_REALIGN	157.74330536592	nil	163.80952380952	12613.333333333
SPRING_UPDATE_SCROLL	157.74330536592	nil	false	false	false	idle	0	0	0
SPRING_UPDATE_MOTION	157.74330536592	59.554872372761	163.80952380952	true	nil
SPRING_UPDATE_RESULT	157.74330536592	158.58921154137	51.547584761516	true	nil
SPRING_REALIGN	158.58921154137	nil	163.80952380952	12613.333333333
SPRING_UPDATE_SCROLL	158.58921154137	nil	false	false	false	idle	0	0	0
SPRING_UPDATE_MOTION	158.58921154137	51.547584761516	163.80952380952	true	nil
SPRING_UPDATE_RESULT	158.58921154137	159.33532036774	44.360014409961	true	nil
SPRING_REALIGN	159.33532036774	nil	163.80952380952	12613.333333333
SPRING_UPDATE_SCROLL	159.33532036774	nil	false	false	false	idle	0	0	0
SPRING_UPDATE_MOTION	159.33532036774	44.360014409961	163.80952380952	true	nil
SPRING_UPDATE_RESULT	159.33532036774	159.96590759407	38.247310098738	true	nil
SPRING_REALIGN	159.96590759407	nil	163.80952380952	12613.333333333
SPRING_UPDATE_SCROLL	159.96590759407	nil	false	false	false	idle	0	0	0
SPRING_UPDATE_MOTION	159.96590759407	38.247310098738	163.80952380952	true	nil
SPRING_UPDATE_RESULT	159.96590759407	160.52023985925	32.806743555664	true	nil
SPRING_REALIGN	160.52023985925	nil	163.80952380952	12613.333333333
SPRING_UPDATE_SCROLL	160.52023985925	nil	false	false	false	idle	0	0	0
SPRING_UPDATE_MOTION	160.52023985925	32.806743555664	163.80952380952	true	nil
SPRING_UPDATE_RESULT	160.52023985925	161.2968143121	23.725961713752	true	nil
SPRING_REALIGN	161.2968143121	nil	163.80952380952	12613.333333333
SPRING_UPDATE_SCROLL	161.2968143121	nil	false	false	false	idle	0	0	0
SPRING_UPDATE_MOTION	161.2968143121	23.725961713752	163.80952380952	true	nil
SPRING_UPDATE_RESULT	161.2968143121	161.65245952088	20.65099315264	true	nil
SPRING_REALIGN	161.65245952088	nil	163.80952380952	12613.333333333
SPRING_UPDATE_SCROLL	161.65245952088	nil	false	false	false	idle	0	0	0
SPRING_UPDATE_MOTION	161.65245952088	20.65099315264	163.80952380952	true	nil
SPRING_UPDATE_RESULT	161.65245952088	161.95550878345	17.942525906741	true	nil
SPRING_REALIGN	161.95550878345	nil	163.80952380952	12613.333333333
SPRING_UPDATE_SCROLL	161.95550878345	nil	false	false	false	idle	0	0	0
SPRING_UPDATE_MOTION	161.95550878345	17.942525906741	163.80952380952	true	nil
SPRING_UPDATE_RESULT	161.95550878345	162.21603682783	15.552984560947	true	nil
SPRING_REALIGN	162.21603682783	nil	163.80952380952	12613.333333333
SPRING_UPDATE_SCROLL	162.21603682783	nil	false	false	false	idle	0	0	0
SPRING_UPDATE_MOTION	162.21603682783	15.552984560947	163.80952380952	true	nil
SPRING_UPDATE_RESULT	162.21603682783	162.43737868874	13.486751052139	true	nil
SPRING_REALIGN	162.43737868874	nil	163.80952380952	12613.333333333
SPRING_UPDATE_SCROLL	162.43737868874	nil	false	false	false	idle	0	0	0
SPRING_UPDATE_MOTION	162.43737868874	13.486751052139	163.80952380952	true	nil
SPRING_UPDATE_RESULT	162.43737868874	162.63060100903	11.64958340599	true	nil
SPRING_REALIGN	162.63060100903	nil	163.80952380952	12613.333333333
SPRING_UPDATE_SCROLL	162.63060100903	nil	false	false	false	idle	0	0	0
SPRING_UPDATE_MOTION	162.63060100903	11.64958340599	163.80952380952	true	nil
SPRING_UPDATE_RESULT	162.63060100903	162.79816629642	10.034510499798	true	nil
SPRING_REALIGN	162.79816629642	nil	163.80952380952	12613.333333333
SPRING_UPDATE_SCROLL	162.79816629642	nil	false	false	false	idle	0	0	0
SPRING_UPDATE_MOTION	162.79816629642	10.034510499798	163.80952380952	true	nil
SPRING_UPDATE_RESULT	162.79816629642	162.94195442358	8.6361310276473	true	nil
SPRING_REALIGN	162.94195442358	nil	163.80952380952	12613.333333333
SPRING_UPDATE_SCROLL	162.94195442358	nil	false	false	false	idle	0	0	0
SPRING_UPDATE_MOTION	162.94195442358	8.6361310276473	163.80952380952	true	nil
SPRING_UPDATE_RESULT	162.94195442358	163.06767793644	7.4000713889157	true	nil
SPRING_REALIGN	163.06767793644	nil	163.80952380952	12613.333333333
SPRING_UPDATE_SCROLL	163.06767793644	nil	false	false	false	idle	0	0	0
SPRING_UPDATE_MOTION	163.06767793644	7.4000713889157	163.80952380952	true	nil
SPRING_UPDATE_RESULT	163.06767793644	163.17151592463	6.3815082748013	true	nil
SPRING_REALIGN	163.17151592463	nil	163.80952380952	12613.333333333
SPRING_UPDATE_SCROLL	163.17151592463	nil	false	false	false	idle	0	0	0
SPRING_UPDATE_MOTION	163.17151592463	6.3815082748013	163.80952380952	true	nil
SPRING_UPDATE_RESULT	163.17151592463	163.26493362322	5.4516099972143	true	nil
SPRING_REALIGN	163.26493362322	nil	163.80952380952	12613.333333333
SPRING_UPDATE_SCROLL	163.26493362322	nil	false	false	false	idle	0	0	0
SPRING_UPDATE_MOTION	163.26493362322	5.4516099972143	163.80952380952	true	nil
SPRING_UPDATE_RESULT	163.26493362322	163.3946233862	3.9124578925678	true	nil
SPRING_REALIGN	163.3946233862	nil	163.80952380952	12613.333333333
SPRING_UPDATE_SCROLL	163.3946233862	nil	false	false	false	idle	0	0	0
SPRING_UPDATE_MOTION	163.3946233862	3.9124578925678	163.80952380952	true	nil
SPRING_UPDATE_RESULT	163.3946233862	163.51656192655	2.4538077409355	true	nil
SPRING_REALIGN	163.51656192655	nil	163.80952380952	12613.333333333
SPRING_UPDATE_SCROLL	163.51656192655	nil	false	false	false	idle	0	0	0
SPRING_UPDATE_MOTION	163.51656192655	2.4538077409355	163.80952380952	true	nil
SPRING_UPDATE_RESULT	163.51656192655	163.55234233716	2.2466664953289	true	nil
SPRING_REALIGN	163.55234233716	nil	163.80952380952	12613.333333333
SPRING_UPDATE_SCROLL	163.55234233716	nil	false	false	false	idle	0	0	0
SPRING_UPDATE_MOTION	163.55234233716	2.2466664953289	163.80952380952	true	nil
SPRING_UPDATE_RESULT	163.55234233716	163.58715197289	2.0087040364114	true	nil
SPRING_REALIGN	163.58715197289	nil	163.80952380952	12613.333333333
SPRING_UPDATE_SCROLL	163.58715197289	nil	false	false	false	idle	0	0	0
SPRING_UPDATE_MOTION	163.58715197289	2.0087040364114	163.80952380952	true	nil
SPRING_UPDATE_RESULT	163.58715197289	163.61757018144	1.7771901305721	true	nil
SPRING_REALIGN	163.61757018144	nil	163.80952380952	12613.333333333
SPRING_UPDATE_SCROLL	163.61757018144	nil	false	false	false	idle	0	0	0
SPRING_UPDATE_MOTION	163.61757018144	1.7771901305721	163.80952380952	true	nil
SPRING_UPDATE_RESULT	163.61757018144	163.6434420399	1.5664913871654	true	nil
SPRING_REALIGN	163.6434420399	nil	163.80952380952	12613.333333333
SPRING_UPDATE_SCROLL	163.6434420399	nil	false	false	false	idle	0	0	0
SPRING_UPDATE_MOTION	163.6434420399	1.5664913871654	163.80952380952	true	nil
SPRING_UPDATE_RESULT	163.6434420399	163.66600880746	1.3732591468814	true	nil
SPRING_REALIGN	163.66600880746	nil	163.80952380952	12613.333333333
SPRING_UPDATE_SCROLL	163.66600880746	nil	false	false	false	idle	0	0	0
SPRING_UPDATE_MOTION	163.66600880746	1.3732591468814	163.80952380952	true	nil
SPRING_UPDATE_RESULT	163.66600880746	163.6859603419	1.195497272941	true	nil
SPRING_REALIGN	163.6859603419	nil	163.80952380952	12613.333333333
SPRING_UPDATE_SCROLL	163.6859603419	nil	false	false	false	idle	0	0	0
SPRING_UPDATE_MOTION	163.6859603419	1.195497272941	163.80952380952	true	nil
SPRING_UPDATE_RESULT	163.6859603419	163.70340184543	1.035491224185	true	nil
SPRING_REALIGN	163.70340184543	nil	163.80952380952	12613.333333333
SPRING_UPDATE_SCROLL	163.70340184543	nil	false	false	false	idle	0	0	0
SPRING_UPDATE_MOTION	163.70340184543	1.035491224185	163.80952380952	true	nil
SPRING_UPDATE_RESULT	163.70340184543	163.71816492095	0.89772972278429	true	nil
SPRING_REALIGN	163.71816492095	nil	163.80952380952	12613.333333333
SPRING_UPDATE_SCROLL	163.71816492095	nil	false	false	false	idle	0	0	0
SPRING_UPDATE_MOTION	163.71816492095	0.89772972278429	163.80952380952	true	nil
SPRING_UPDATE_RESULT	163.71816492095	163.73120469397	0.77350193791504	true	nil
SPRING_REALIGN	163.73120469397	nil	163.80952380952	12613.333333333
SPRING_UPDATE_SCROLL	163.73120469397	nil	false	false	false	idle	0	0	0
SPRING_UPDATE_MOTION	163.73120469397	0.77350193791504	163.80952380952	true	nil
SPRING_UPDATE_RESULT	163.73120469397	163.74217113789	0.66822518176348	true	nil
SPRING_REALIGN	163.74217113789	nil	163.80952380952	12613.333333333
SPRING_UPDATE_SCROLL	163.74217113789	nil	false	false	false	idle	0	0	-1
SPRING_UPDATE_MOTION	163.74217113789	0.66822518176348	163.80952380952	true	nil
SPRING_UPDATE_RESULT	163.74217113789	163.75833922456	0.47975664127754	true	nil
SPRING_REALIGN	163.75833922456	nil	163.80952380952	12613.333333333
SPRING_UPDATE_SCROLL	163.75833922456	nil	false	false	false	idle	0	0	0
SPRING_UPDATE_MOTION	163.75833922456	0.47975664127754	163.80952380952	true	nil
SPRING_UPDATE_RESULT	163.75833922456	163.77033163753	0.36229979265308	true	nil
SPRING_REALIGN	163.77033163753	nil	163.80952380952	12613.333333333
SPRING_UPDATE_SCROLL	163.77033163753	nil	false	false	false	idle	0	0	-1
SPRING_UPDATE_MOTION	163.77033163753	0.36229979265308	163.80952380952	true	nil
SPRING_UPDATE_RESULT	163.77033163753	163.77566380098	0.31899324287297	true	nil
SPRING_REALIGN	163.77566380098	nil	163.80952380952	12613.333333333
SPRING_UPDATE_SCROLL	163.77566380098	nil	false	false	false	idle	0	0	0
SPRING_UPDATE_MOTION	163.77566380098	0.31899324287297	163.80952380952	true	nil
SPRING_UPDATE_RESULT	163.77566380098	163.78030809249	0.27928364413361	true	nil
SPRING_REALIGN	163.78030809249	nil	163.80952380952	12613.333333333
SPRING_UPDATE_SCROLL	163.78030809249	nil	false	false	false	idle	0	0	-1
SPRING_UPDATE_MOTION	163.78030809249	0.27928364413361	163.80952380952	true	nil
SPRING_UPDATE_RESULT	163.78030809249	163.78445360624	0.24230301070575	true	nil
SPRING_REALIGN	163.78445360624	nil	163.80952380952	12613.333333333
SPRING_UPDATE_SCROLL	163.78445360624	nil	false	false	false	idle	0	0	0
SPRING_UPDATE_MOTION	163.78445360624	0.24230301070575	163.80952380952	true	nil
SPRING_UPDATE_RESULT	163.78445360624	163.78795448185	0.2103284876378	true	nil
SPRING_REALIGN	163.78795448185	nil	163.80952380952	12613.333333333
SPRING_UPDATE_SCROLL	163.78795448185	nil	false	false	false	idle	0	0	-1
SPRING_UPDATE_MOTION	163.78795448185	0.2103284876378	163.80952380952	true	nil
SPRING_UPDATE_RESULT	163.78795448185	163.79092304707	0.18272141675051	true	nil
SPRING_REALIGN	163.79092304707	nil	163.80952380952	12613.333333333
SPRING_UPDATE_SCROLL	163.79092304707	nil	false	false	false	idle	0	0	0
SPRING_UPDATE_MOTION	163.79092304707	0.18272141675051	163.80952380952	true	nil
SPRING_UPDATE_RESULT	163.79092304707	163.79355512383	0.15770476517879	true	nil
SPRING_REALIGN	163.79355512383	nil	163.80952380952	12613.333333333
SPRING_UPDATE_SCROLL	163.79355512383	nil	false	false	false	idle	0	0	-2
SPRING_UPDATE_MOTION	163.79355512383	0.15770476517879	163.80952380952	true	nil
SPRING_UPDATE_RESULT	163.79355512383	163.795807195	0.13605789912877	true	nil
SPRING_REALIGN	163.795807195	nil	163.80952380952	12613.333333333
SPRING_UPDATE_SCROLL	163.795807195	nil	false	false	false	idle	0	0	0
SPRING_UPDATE_MOTION	163.795807195	0.13605789912877	163.80952380952	true	nil
SPRING_UPDATE_RESULT	163.795807195	163.79776434856	0.11702174388192	true	nil
SPRING_REALIGN	163.79776434856	nil	163.80952380952	12613.333333333
SPRING_UPDATE_SCROLL	163.79776434856	nil	false	false	false	idle	0	0	0
SPRING_UPDATE_MOTION	163.79776434856	0.11702174388192	163.80952380952	true	nil
SPRING_UPDATE_RESULT	163.79776434856	163.79940454769	0.10102609954339	true	nil
SPRING_REALIGN	163.79940454769	nil	163.80952380952	12613.333333333
SPRING_UPDATE_SCROLL	163.79940454769	nil	false	false	false	idle	0	0	0
SPRING_UPDATE_MOTION	163.79940454769	0.10102609954339	163.80952380952	true	nil
SPRING_STOP_MOTION	163.80952380952	0.086340319904543	163.80952380952	nil
SPRING_UPDATE_RESULT	163.79940454769	163.80952380952	0	false	nil
SPRING_REALIGN	163.80952380952	nil	163.80952380952	12613.333333333
SPRING_UPDATE_SCROLL	163.80952380952	nil	false	false	false	pressed	0	0	0
SPRING_STOP_MOTION	163.80952380952	0	163.80952380952	nil
SPRING_PRESS	1090	393	163.80952380952
SPRING_UPDATE_MOTION	163.80952380952	0	163.80952380952	false	nil
SPRING_START_SNAP	163.80952380952	163.80952380952	81.904761904762
SPRING_UPDATE_RESULT	163.80952380952	163.80952380952	0	true	nil
SPRING_REALIGN	163.80952380952	nil	163.80952380952	12613.333333333
BUTTON_PRESS	2346	881.33333333333	337.04761904762	372	75.238095238095
SPRING_UPDATE_SCROLL	163.80952380952	nil	false	true	false	held	0	0	0
SPRING_DRAG_PENDING	1090	393	1090	393	0
SPRING_UPDATE_MOTION	163.80952380952	0	163.80952380952	true	nil
SPRING_STOP_MOTION	163.80952380952	0	163.80952380952	nil
SPRING_UPDATE_RESULT	163.80952380952	163.80952380952	0	false	nil
SPRING_UPDATE_SCROLL	163.80952380952	nil	false	true	false	held	0	0	0
SPRING_DRAG_PENDING	1090	393	1090	393	0
SPRING_UPDATE_MOTION	163.80952380952	0	163.80952380952	false	nil
SPRING_START_SNAP	163.80952380952	163.80952380952	81.904761904762
SPRING_UPDATE_RESULT	163.80952380952	163.80952380952	0	true	nil
SPRING_UPDATE_SCROLL	163.80952380952	nil	false	true	false	held	0	0	0
SPRING_DRAG_PENDING	1090	393	1090	393	0
SPRING_UPDATE_MOTION	163.80952380952	0	163.80952380952	true	nil
SPRING_STOP_MOTION	163.80952380952	0	163.80952380952	nil
SPRING_UPDATE_RESULT	163.80952380952	163.80952380952	0	false	nil
SPRING_UPDATE_SCROLL	163.80952380952	nil	false	true	false	released	0	0	0
SPRING_DRAG_RELEASE	false	0	163.80952380952	0
SPRING_UPDATE_MOTION	163.80952380952	0	163.80952380952	false	nil
SPRING_START_SNAP	163.80952380952	163.80952380952	81.904761904762
SPRING_UPDATE_RESULT	163.80952380952	163.80952380952	0	true	nil
BUTTON_RELEASE	true	2346	2346
ACTION_SELECT_BEATMAP	6	false
ACTION_SELECT_SCROLL_TO	6	6
Full Rebuild in: 14.000000 ms
SPRING_REALIGN	163.80952380952	6	163.80952380952	12613.333333333
SPRING_SCROLL_TO	6	163.80952380952	163.80952380952	5.6843418860808e-14	2000
SPRING_UPDATE_SCROLL	163.80952380952	6	false	false	false	idle	0	0	0
SPRING_UPDATE_MOTION	163.80952380952	2000	163.80952380952	true	6
SPRING_UPDATE_RESULT	163.80952380952	175.69146818902	362.89499999999	true	6
SPRING_REALIGN	175.69146818902	6	163.80952380952	12613.333333333
Full Rebuild in: 11.000000 ms
SPRING_REALIGN	175.69146818902	6	163.80952380952	12613.333333333
SPRING_SCROLL_TO	6	175.69146818902	163.80952380952	-11.8819443795	-2071.291666277
SPRING_UPDATE_SCROLL	175.69146818902	6	false	false	false	idle	0	0	0
SPRING_UPDATE_MOTION	175.69146818902	-2071.291666277	163.80952380952	true	6
SPRING_UPDATE_RESULT	175.69146818902	162.57324476682	-388.35210491077	true	6
SPRING_REALIGN	162.57324476682	6	163.80952380952	12613.333333333
SPRING_UPDATE_SCROLL	162.57324476682	6	false	false	false	idle	0	0	0
SPRING_UPDATE_MOTION	162.57324476682	-388.35210491077	163.80952380952	true	6
SPRING_UPDATE_RESULT	162.57324476682	158.8477076083	-221.99469425898	true	6
SPRING_REALIGN	158.8477076083	6	163.80952380952	12613.333333333
SPRING_UPDATE_SCROLL	158.8477076083	6	false	false	false	idle	0	0	0
SPRING_UPDATE_MOTION	158.8477076083	-221.99469425898	163.80952380952	true	6
SPRING_UPDATE_RESULT	158.8477076083	156.91752118235	-116.27839213645	true	6
SPRING_REALIGN	156.91752118235	6	163.80952380952	12613.333333333
SPRING_UPDATE_SCROLL	156.91752118235	6	false	false	false	idle	0	0	0
SPRING_UPDATE_MOTION	156.91752118235	-116.27839213645	163.80952380952	true	6
SPRING_UPDATE_RESULT	156.91752118235	156.10467690492	-48.500219422186	true	6
SPRING_REALIGN	156.10467690492	6	163.80952380952	12613.333333333
load base skin
SPRING_UPDATE_SCROLL	156.10467690492	6	false	false	false	idle	0	0	0
SPRING_UPDATE_MOTION	156.10467690492	-48.500219422186	163.80952380952	true	6
SPRING_UPDATE_RESULT	156.10467690492	156.00417970298	-5.8530353316103	true	6
SPRING_REALIGN	156.00417970298	6	163.80952380952	12613.333333333
SPRING_UPDATE_SCROLL	156.00417970298	6	false	false	false	idle	0	0	0
SPRING_UPDATE_MOTION	156.00417970298	-5.8530353316103	163.80952380952	true	6
SPRING_UPDATE_RESULT	156.00417970298	159.29704708857	65.857347711929	true	6
SPRING_REALIGN	159.29704708857	6	163.80952380952	12613.333333333
SPRING_UPDATE_SCROLL	159.29704708857	6	false	false	false	idle	0	0	0
SPRING_UPDATE_MOTION	159.29704708857	65.857347711929	163.80952380952	true	6
SPRING_UPDATE_RESULT	159.29704708857	160.1498220224	50.682578767526	true	6
SPRING_REALIGN	160.1498220224	6	163.80952380952	12613.333333333
SPRING_UPDATE_SCROLL	160.1498220224	6	false	false	false	idle	0	0	0
SPRING_UPDATE_MOTION	160.1498220224	50.682578767526	163.80952380952	true	6
SPRING_UPDATE_RESULT	160.1498220224	160.82737696701	39.227154256597	true	6
SPRING_REALIGN	160.82737696701	6	163.80952380952	12613.333333333
SPRING_UPDATE_SCROLL	160.82737696701	6	false	false	false	idle	0	0	0
SPRING_UPDATE_MOTION	160.82737696701	39.227154256597	163.80952380952	true	6
SPRING_UPDATE_RESULT	160.82737696701	161.32862690276	31.435985710237	true	6
SPRING_REALIGN	161.32862690276	6	163.80952380952	12613.333333333
SPRING_UPDATE_SCROLL	161.32862690276	6	false	false	false	idle	0	0	0
SPRING_UPDATE_MOTION	161.32862690276	31.435985710237	163.80952380952	true	6
SPRING_UPDATE_RESULT	161.32862690276	161.74828198207	25.153748549915	true	6
SPRING_REALIGN	161.74828198207	6	163.80952380952	12613.333333333
SPRING_UPDATE_SCROLL	161.74828198207	6	false	false	false	idle	0	0	0
SPRING_UPDATE_MOTION	161.74828198207	25.153748549915	163.80952380952	true	6
SPRING_UPDATE_RESULT	161.74828198207	162.08367559315	20.408643783816	true	6
SPRING_REALIGN	162.08367559315	6	163.80952380952	12613.333333333
SPRING_UPDATE_SCROLL	162.08367559315	6	false	false	false	idle	0	0	0
SPRING_UPDATE_MOTION	162.08367559315	20.408643783816	163.80952380952	true	6
SPRING_UPDATE_RESULT	162.08367559315	162.36402044778	16.601518036672	true	6
SPRING_REALIGN	162.36402044778	6	163.80952380952	12613.333333333
SPRING_UPDATE_SCROLL	162.36402044778	6	false	false	false	idle	0	0	0
SPRING_UPDATE_MOTION	162.36402044778	16.601518036672	163.80952380952	true	6
SPRING_UPDATE_RESULT	162.36402044778	162.59095462448	13.671227677221	true	6
SPRING_REALIGN	162.59095462448	6	163.80952380952	12613.333333333
SPRING_UPDATE_SCROLL	162.59095462448	6	false	false	false	idle	0	0	0
SPRING_UPDATE_MOTION	162.59095462448	13.671227677221	163.80952380952	true	6
SPRING_UPDATE_RESULT	162.59095462448	162.7800895924	11.320159920512	true	6
SPRING_REALIGN	162.7800895924	6	163.80952380952	12613.333333333
SPRING_UPDATE_SCROLL	162.7800895924	6	false	false	false	idle	0	0	0
SPRING_UPDATE_MOTION	162.7800895924	11.320159920512	163.80952380952	true	6
SPRING_UPDATE_RESULT	162.7800895924	162.93257037504	9.5050387819865	true	6
SPRING_REALIGN	162.93257037504	6	163.80952380952	12613.333333333
SPRING_UPDATE_SCROLL	162.93257037504	6	false	false	false	idle	0	0	0
SPRING_UPDATE_MOTION	162.93257037504	9.5050387819865	163.80952380952	true	6
SPRING_UPDATE_RESULT	162.93257037504	163.06908231392	7.8990365103837	true	6
SPRING_REALIGN	163.06908231392	6	163.80952380952	12613.333333333
SPRING_UPDATE_SCROLL	163.06908231392	6	false	false	false	idle	0	0	0
SPRING_UPDATE_MOTION	163.06908231392	7.8990365103837	163.80952380952	true	6
SPRING_UPDATE_RESULT	163.06908231392	163.24976285822	5.3612177623929	true	6
SPRING_REALIGN	163.24976285822	6	163.80952380952	12613.333333333
SPRING_UPDATE_SCROLL	163.24976285822	6	false	false	false	pressed	0	0	0
SPRING_STOP_MOTION	163.24976285822	5.3612177623929	163.80952380952	6
SPRING_PRESS	1090	393	163.24976285822
SPRING_UPDATE_MOTION	163.24976285822	0	163.80952380952	false	6
SPRING_START_SNAP	163.24976285822	163.80952380952	81.904761904762
SPRING_UPDATE_RESULT	163.24976285822	163.24976285822	0	true	6
BUTTON_PRESS	2734	881.33333333333	337.60737999892	372	75.238095238095
SPRING_UPDATE_SCROLL	163.24976285822	6	false	true	false	held	0	0	0
SPRING_DRAG_PENDING	1090	393	1090	393	0
SPRING_UPDATE_MOTION	163.24976285822	0	163.80952380952	true	6
SPRING_UPDATE_RESULT	163.24976285822	163.27940208258	1.6545377814219	true	6
SPRING_REALIGN	163.27940208258	6	163.80952380952	12613.333333333
SPRING_SCROLL_TO	6	163.27940208258	163.80952380952	0.53012172694275	2003.1807303617
SPRING_UPDATE_SCROLL	163.27940208258	6	false	true	false	held	0	0	0
SPRING_DRAG_PENDING	1090	393	1090	393	0
SPRING_UPDATE_MOTION	163.27940208258	2003.1807303617	163.80952380952	true	6
SPRING_UPDATE_RESULT	163.27940208258	182.7063300743	1180.4515951509	true	6
SPRING_REALIGN	182.7063300743	6	163.80952380952	12613.333333333
SPRING_UPDATE_SCROLL	182.7063300743	6	false	true	false	held	0	0	0
SPRING_DRAG_PENDING	1090	393	1090	393	0
SPRING_UPDATE_MOTION	182.7063300743	1180.4515951509	163.80952380952	true	6
SPRING_UPDATE_RESULT	182.7063300743	193.28551197824	646.57812122983	true	6
SPRING_REALIGN	193.28551197824	6	163.80952380952	12613.333333333
SPRING_UPDATE_SCROLL	193.28551197824	6	false	true	false	held	0	0	0
SPRING_DRAG_PENDING	1090	393	1090	393	0
SPRING_UPDATE_MOTION	193.28551197824	646.57812122983	163.80952380952	true	6
SPRING_UPDATE_RESULT	193.28551197824	198.22199065851	296.61347130715	true	6
SPRING_REALIGN	198.22199065851	6	163.80952380952	12613.333333333
SPRING_UPDATE_SCROLL	198.22199065851	6	false	true	false	released	0	0	0
SPRING_DRAG_RELEASE	false	0	198.22199065851	296.61347130715
SPRING_UPDATE_MOTION	198.22199065851	296.61347130715	163.80952380952	true	6
SPRING_UPDATE_RESULT	198.22199065851	199.51828323849	77.440533596581	true	6
SPRING_REALIGN	199.51828323849	6	163.80952380952	12613.333333333
BUTTON_RELEASE	true	nil	2739
SPRING_UPDATE_SCROLL	199.51828323849	6	false	false	false	idle	0	0	0
SPRING_UPDATE_MOTION	199.51828323849	77.440533596581	163.80952380952	true	6
SPRING_UPDATE_RESULT	199.51828323849	198.80663888415	-45.362916045318	true	6
SPRING_REALIGN	198.80663888415	6	163.80952380952	12613.333333333
SPRING_UPDATE_SCROLL	198.80663888415	6	false	false	false	idle	0	0	0
SPRING_UPDATE_MOTION	198.80663888415	-45.362916045318	163.80952380952	true	6
SPRING_UPDATE_RESULT	198.80663888415	196.55256996393	-127.43996654192	true	6
SPRING_REALIGN	196.55256996393	6	163.80952380952	12613.333333333
SPRING_UPDATE_SCROLL	196.55256996393	6	false	false	false	idle	0	0	0
SPRING_UPDATE_MOTION	196.55256996393	-127.43996654192	163.80952380952	true	6
SPRING_UPDATE_RESULT	196.55256996393	193.84593904158	-164.01835670567	true	6
SPRING_REALIGN	193.84593904158	6	163.80952380952	12613.333333333
SPRING_UPDATE_SCROLL	193.84593904158	6	false	false	false	idle	0	0	0
SPRING_UPDATE_MOTION	193.84593904158	-164.01835670567	163.80952380952	true	6
SPRING_UPDATE_RESULT	193.84593904158	187.57402062178	-191.97027420994	true	6
SPRING_REALIGN	187.57402062178	6	163.80952380952	12613.333333333
SPRING_UPDATE_SCROLL	187.57402062178	6	false	false	false	idle	0	0	0
SPRING_UPDATE_MOTION	187.57402062178	-191.97027420994	163.80952380952	true	6
SPRING_UPDATE_RESULT	187.57402062178	184.54133099994	-176.91780453894	true	6
SPRING_REALIGN	184.54133099994	6	163.80952380952	12613.333333333
SPRING_UPDATE_SCROLL	184.54133099994	6	false	false	false	idle	0	0	0
SPRING_UPDATE_MOTION	184.54133099994	-176.91780453894	163.80952380952	true	6
SPRING_UPDATE_RESULT	184.54133099994	181.86480030913	-160.17059278938	true	6
SPRING_REALIGN	181.86480030913	6	163.80952380952	12613.333333333
SPRING_UPDATE_SCROLL	181.86480030913	6	false	false	false	idle	0	0	0
SPRING_UPDATE_MOTION	181.86480030913	-160.17059278938	163.80952380952	true	6
SPRING_UPDATE_RESULT	181.86480030913	179.50199074297	-143.26309457216	true	6
SPRING_REALIGN	179.50199074297	6	163.80952380952	12613.333333333
SPRING_UPDATE_SCROLL	179.50199074297	6	false	false	false	idle	0	0	0
SPRING_UPDATE_MOTION	179.50199074297	-143.26309457216	163.80952380952	true	6
SPRING_UPDATE_RESULT	179.50199074297	177.38775410245	-126.70494001178	true	6
SPRING_REALIGN	177.38775410245	6	163.80952380952	12613.333333333
SPRING_UPDATE_SCROLL	177.38775410245	6	false	false	false	idle	0	0	0
SPRING_UPDATE_MOTION	177.38775410245	-126.70494001178	163.80952380952	true	6
SPRING_UPDATE_RESULT	177.38775410245	175.53639819481	-111.2787629841	true	6
SPRING_REALIGN	175.53639819481	6	163.80952380952	12613.333333333
SPRING_UPDATE_SCROLL	175.53639819481	6	false	false	false	idle	0	0	0
SPRING_UPDATE_MOTION	175.53639819481	-111.2787629841	163.80952380952	true	6
SPRING_UPDATE_RESULT	175.53639819481	173.89357012173	-96.921438403154	true	6
SPRING_REALIGN	173.89357012173	6	163.80952380952	12613.333333333
SPRING_UPDATE_SCROLL	173.89357012173	6	false	false	false	idle	0	0	0
SPRING_UPDATE_MOTION	173.89357012173	-96.921438403154	163.80952380952	true	6
SPRING_UPDATE_RESULT	173.89357012173	172.50056847537	-84.390074719104	true	6
SPRING_REALIGN	172.50056847537	6	163.80952380952	12613.333333333
SPRING_UPDATE_SCROLL	172.50056847537	6	false	false	false	idle	0	0	0
SPRING_UPDATE_MOTION	172.50056847537	-84.390074719104	163.80952380952	true	6
SPRING_UPDATE_RESULT	172.50056847537	171.25783496607	-72.865372982876	true	6
SPRING_REALIGN	171.25783496607	6	163.80952380952	12613.333333333
SPRING_UPDATE_SCROLL	171.25783496607	6	false	false	false	idle	0	0	0
SPRING_UPDATE_MOTION	171.25783496607	-72.865372982876	163.80952380952	true	6
SPRING_UPDATE_RESULT	171.25783496607	170.26344150417	-63.598850166876	true	6
SPRING_REALIGN	170.26344150417	6	163.80952380952	12613.333333333
SPRING_UPDATE_SCROLL	170.26344150417	6	false	false	false	idle	0	0	0
SPRING_UPDATE_MOTION	170.26344150417	-63.598850166876	163.80952380952	true	6
SPRING_UPDATE_RESULT	170.26344150417	168.71487348152	-45.873846469305	true	6
SPRING_REALIGN	168.71487348152	6	163.80952380952	12613.333333333
SPRING_UPDATE_SCROLL	168.71487348152	6	false	false	false	idle	0	0	0
SPRING_UPDATE_MOTION	168.71487348152	-45.873846469305	163.80952380952	true	6
SPRING_UPDATE_RESULT	168.71487348152	168.03600909734	-40.170916374465	true	6
SPRING_REALIGN	168.03600909734	6	163.80952380952	12613.333333333
SPRING_UPDATE_SCROLL	168.03600909734	6	false	false	false	idle	0	0	0
SPRING_UPDATE_MOTION	168.03600909734	-40.170916374465	163.80952380952	true	6
SPRING_UPDATE_RESULT	168.03600909734	167.45089055087	-35.047112132324	true	6
SPRING_REALIGN	167.45089055087	6	163.80952380952	12613.333333333
SPRING_UPDATE_SCROLL	167.45089055087	6	false	false	false	idle	0	0	0
SPRING_UPDATE_MOTION	167.45089055087	-35.047112132324	163.80952380952	true	6
SPRING_UPDATE_RESULT	167.45089055087	166.93233138969	-30.341066127083	true	6
SPRING_REALIGN	166.93233138969	6	163.80952380952	12613.333333333
SPRING_UPDATE_SCROLL	166.93233138969	6	false	false	false	idle	0	0	0
SPRING_UPDATE_MOTION	166.93233138969	-30.341066127083	163.80952380952	true	6
SPRING_UPDATE_RESULT	166.93233138969	166.50533789653	-26.407667193859	true	6
SPRING_REALIGN	166.50533789653	6	163.80952380952	12613.333333333
SPRING_UPDATE_SCROLL	166.50533789653	6	false	false	false	idle	0	0	0
SPRING_UPDATE_MOTION	166.50533789653	-26.407667193859	163.80952380952	true	6
SPRING_UPDATE_RESULT	166.50533789653	166.12590553287	-22.827667833851	true	6
SPRING_REALIGN	166.12590553287	6	163.80952380952	12613.333333333
SPRING_UPDATE_SCROLL	166.12590553287	6	false	false	false	idle	0	0	0
SPRING_UPDATE_MOTION	166.12590553287	-22.827667833851	163.80952380952	true	6
SPRING_UPDATE_RESULT	166.12590553287	165.79439173695	-19.647241258189	true	6
SPRING_REALIGN	165.79439173695	6	163.80952380952	12613.333333333
SPRING_UPDATE_SCROLL	165.79439173695	6	false	false	false	idle	0	0	0
SPRING_UPDATE_MOTION	165.79439173695	-19.647241258189	163.80952380952	true	6
SPRING_UPDATE_RESULT	165.79439173695	165.52429484405	-17.055124671872	true	6
SPRING_REALIGN	165.52429484405	6	163.80952380952	12613.333333333
SPRING_UPDATE_SCROLL	165.52429484405	6	false	false	false	idle	0	0	0
SPRING_UPDATE_MOTION	165.52429484405	-17.055124671872	163.80952380952	true	6
SPRING_UPDATE_RESULT	165.52429484405	165.27045743147	-14.553228562109	true	6
SPRING_REALIGN	165.27045743147	6	163.80952380952	12613.333333333
SPRING_UPDATE_SCROLL	165.27045743147	6	false	false	false	idle	0	0	0
SPRING_UPDATE_MOTION	165.27045743147	-14.553228562109	163.80952380952	true	6
SPRING_UPDATE_RESULT	165.27045743147	164.84973766945	-8.4143952405622	true	6
SPRING_REALIGN	164.84973766945	6	163.80952380952	12613.333333333
SPRING_UPDATE_SCROLL	164.84973766945	6	false	false	false	idle	0	0	0
SPRING_UPDATE_MOTION	164.84973766945	-8.4143952405622	163.80952380952	true	6
SPRING_UPDATE_RESULT	164.84973766945	164.72588745349	-7.7994757930428	true	6
SPRING_REALIGN	164.72588745349	6	163.80952380952	12613.333333333
SPRING_UPDATE_SCROLL	164.72588745349	6	false	false	false	idle	0	0	0
SPRING_UPDATE_MOTION	164.72588745349	-7.7994757930428	163.80952380952	true	6
SPRING_UPDATE_RESULT	164.72588745349	164.60402316813	-7.0416954341895	true	6
SPRING_REALIGN	164.60402316813	6	163.80952380952	12613.333333333
SPRING_UPDATE_SCROLL	164.60402316813	6	false	false	false	idle	0	0	0
SPRING_UPDATE_MOTION	164.60402316813	-7.0416954341895	163.80952380952	true	6
SPRING_UPDATE_RESULT	164.60402316813	164.5009371239	-6.3070013051053	true	6
SPRING_REALIGN	164.5009371239	6	163.80952380952	12613.333333333
SPRING_UPDATE_SCROLL	164.5009371239	6	false	false	false	pressed	0	0	0
SPRING_STOP_MOTION	164.5009371239	-6.3070013051053	163.80952380952	6
SPRING_PRESS	1090	393	164.5009371239
SPRING_UPDATE_MOTION	164.5009371239	0	163.80952380952	false	6
SPRING_START_SNAP	164.5009371239	163.80952380952	81.904761904762
SPRING_UPDATE_RESULT	164.5009371239	164.5009371239	0	true	6
BUTTON_PRESS	2734	881.33333333333	336.35620573324	372	75.238095238095
SPRING_UPDATE_SCROLL	164.5009371239	6	false	true	false	held	0	0	0
SPRING_DRAG_PENDING	1090	393	1090	393	0
SPRING_UPDATE_MOTION	164.5009371239	0	163.80952380952	true	6
SPRING_UPDATE_RESULT	164.5009371239	164.46819978554	-1.9325579466943	true	6
SPRING_REALIGN	164.46819978554	6	163.80952380952	12613.333333333
SPRING_SCROLL_TO	6	164.46819978554	163.80952380952	-0.65867597601525	-2003.9520558561
SPRING_UPDATE_SCROLL	164.46819978554	6	false	true	false	held	0	0	0
SPRING_DRAG_PENDING	1090	393	1090	393	0
SPRING_UPDATE_MOTION	164.46819978554	-2003.9520558561	163.80952380952	true	6
SPRING_UPDATE_RESULT	164.46819978554	145.01741505953	-1179.7649497184	true	6
SPRING_REALIGN	145.01741505953	6	163.80952380952	12613.333333333
SPRING_UPDATE_SCROLL	145.01741505953	6	false	true	false	held	0	0	0
SPRING_DRAG_PENDING	1090	393	1090	393	0
SPRING_UPDATE_MOTION	145.01741505953	-1179.7649497184	163.80952380952	true	6
SPRING_UPDATE_RESULT	145.01741505953	134.39155039206	-630.0467630077	true	6
SPRING_REALIGN	134.39155039206	6	163.80952380952	12613.333333333
SPRING_UPDATE_SCROLL	134.39155039206	6	false	true	false	held	0	0	0
SPRING_DRAG_PENDING	1090	393	1090	393	0
SPRING_UPDATE_MOTION	134.39155039206	-630.0467630077	163.80952380952	true	6
SPRING_UPDATE_RESULT	134.39155039206	129.59961281889	-292.63562196061	true	6
SPRING_REALIGN	129.59961281889	6	163.80952380952	12613.333333333
SPRING_UPDATE_SCROLL	129.59961281889	6	false	true	false	held	0	0	0
SPRING_DRAG_PENDING	1090	393	1090	393	0
SPRING_UPDATE_MOTION	129.59961281889	-292.63562196061	163.80952380952	true	6
SPRING_UPDATE_RESULT	129.59961281889	128.34255686136	-74.786030896103	true	6
SPRING_REALIGN	128.34255686136	6	163.80952380952	12613.333333333
SPRING_UPDATE_SCROLL	128.34255686136	6	false	true	false	released	0	0	0
SPRING_DRAG_RELEASE	false	0	128.34255686136	-74.786030896103
SPRING_UPDATE_MOTION	128.34255686136	-74.786030896103	163.80952380952	true	6
SPRING_UPDATE_RESULT	128.34255686136	134.14832812318	177.6155039362	true	6
SPRING_REALIGN	134.14832812318	6	163.80952380952	12613.333333333
BUTTON_RELEASE	true	2734	2734
ACTION_SELECT_BEATMAP	6	true
ACTION_SELECT_SCROLL_TO	6	6
Full Rebuild in: 19.000000 ms
SPRING_REALIGN	134.14832812318	6	163.80952380952	12613.333333333
SPRING_UPDATE_SCROLL	134.14832812318	6	false	false	false	idle	0	0	0
SPRING_UPDATE_MOTION	134.14832812318	177.6155039362	163.80952380952	true	6
SPRING_UPDATE_RESULT	134.14832812318	140.8187234499	193.27420497784	true	6
SPRING_REALIGN	140.8187234499	6	163.80952380952	12613.333333333
SPRING_UPDATE_SCROLL	140.8187234499	6	false	false	false	idle	0	0	0
SPRING_UPDATE_MOTION	140.8187234499	193.27420497784	163.80952380952	true	6
SPRING_UPDATE_RESULT	140.8187234499	143.80574835041	175.61230983881	true	6
SPRING_REALIGN	143.80574835041	6	163.80952380952	12613.333333333
SPRING_UPDATE_SCROLL	143.80574835041	6	false	false	false	idle	0	0	0
SPRING_UPDATE_MOTION	143.80574835041	175.61230983881	163.80952380952	true	6
SPRING_UPDATE_RESULT	143.80574835041	146.33612153848	158.18094907518	true	6
SPRING_REALIGN	146.33612153848	6	163.80952380952	12613.333333333
SPRING_UPDATE_SCROLL	146.33612153848	6	false	false	false	idle	0	0	0
SPRING_UPDATE_MOTION	146.33612153848	158.18094907518	163.80952380952	true	6
SPRING_UPDATE_RESULT	146.33612153848	148.63434171656	140.67749976046	true	6
SPRING_REALIGN	148.63434171656	6	163.80952380952	12613.333333333
SPRING_UPDATE_SCROLL	148.63434171656	6	false	false	false	idle	0	0	0
SPRING_UPDATE_MOTION	148.63434171656	140.67749976046	163.80952380952	true	6
SPRING_UPDATE_RESULT	148.63434171656	150.70628945869	123.71092840035	true	6
SPRING_REALIGN	150.70628945869	6	163.80952380952	12613.333333333
SPRING_UPDATE_SCROLL	150.70628945869	6	false	false	false	idle	0	0	0
SPRING_UPDATE_MOTION	150.70628945869	123.71092840035	163.80952380952	true	6
SPRING_UPDATE_RESULT	150.70628945869	152.5115300638	108.1792122912	true	6
SPRING_REALIGN	152.5115300638	6	163.80952380952	12613.333333333
SPRING_UPDATE_SCROLL	152.5115300638	6	false	false	false	idle	0	0	0
SPRING_UPDATE_MOTION	152.5115300638	108.1792122912	163.80952380952	true	6
SPRING_UPDATE_RESULT	152.5115300638	154.05132230457	94.484910489073	true	6
SPRING_REALIGN	154.05132230457	6	163.80952380952	12613.333333333
SPRING_UPDATE_SCROLL	154.05132230457	6	false	false	false	idle	0	0	0
SPRING_UPDATE_MOTION	154.05132230457	94.484910489073	163.80952380952	true	6
SPRING_UPDATE_RESULT	154.05132230457	155.46256417704	81.456022006694	true	6
SPRING_REALIGN	155.46256417704	6	163.80952380952	12613.333333333
SPRING_UPDATE_SCROLL	155.46256417704	6	false	false	false	idle	0	0	0
SPRING_UPDATE_MOTION	155.46256417704	81.456022006694	163.80952380952	true	6
SPRING_UPDATE_RESULT	155.46256417704	157.88524736388	48.592736147692	true	6
SPRING_REALIGN	157.88524736388	6	163.80952380952	12613.333333333
SPRING_UPDATE_SCROLL	157.88524736388	6	false	false	false	idle	0	0	0
SPRING_UPDATE_MOTION	157.88524736388	48.592736147692	163.80952380952	true	6
SPRING_UPDATE_RESULT	157.88524736388	158.62457064427	44.664544994711	true	6
SPRING_REALIGN	158.62457064427	6	163.80952380952	12613.333333333
SPRING_UPDATE_SCROLL	158.62457064427	6	false	false	false	idle	0	0	0
SPRING_UPDATE_MOTION	158.62457064427	44.664544994711	163.80952380952	true	6
SPRING_UPDATE_RESULT	158.62457064427	159.29555496553	40.319457823635	true	6
SPRING_REALIGN	159.29555496553	6	163.80952380952	12613.333333333
SPRING_UPDATE_SCROLL	159.29555496553	6	false	false	false	idle	0	0	0
SPRING_UPDATE_MOTION	159.29555496553	40.319457823635	163.80952380952	true	6
SPRING_UPDATE_RESULT	159.29555496553	159.88812744359	35.985672959658	true	6
SPRING_REALIGN	159.88812744359	6	163.80952380952	12613.333333333
SPRING_UPDATE_SCROLL	159.88812744359	6	false	false	false	idle	0	0	0
SPRING_UPDATE_MOTION	159.88812744359	35.985672959658	163.80952380952	true	6
SPRING_UPDATE_RESULT	159.88812744359	160.41670223592	31.784795507262	true	6
SPRING_REALIGN	160.41670223592	6	163.80952380952	12613.333333333
SPRING_UPDATE_SCROLL	160.41670223592	6	false	false	false	idle	0	0	0
SPRING_UPDATE_MOTION	160.41670223592	31.784795507262	163.80952380952	true	6
SPRING_UPDATE_RESULT	160.41670223592	160.88238282398	27.860041164127	true	6
SPRING_REALIGN	160.88238282398	6	163.80952380952	12613.333333333
SPRING_UPDATE_SCROLL	160.88238282398	6	false	false	false	idle	0	0	0
SPRING_UPDATE_MOTION	160.88238282398	27.860041164127	163.80952380952	true	6
SPRING_UPDATE_RESULT	160.88238282398	161.2965383365	24.206880152284	true	6
SPRING_REALIGN	161.2965383365	6	163.80952380952	12613.333333333
SPRING_UPDATE_SCROLL	161.2965383365	6	false	false	false	idle	0	0	-1
SPRING_UPDATE_MOTION	161.2965383365	24.206880152284	163.80952380952	true	6
SPRING_UPDATE_RESULT	161.2965383365	161.65220298979	20.976358897721	true	6
SPRING_REALIGN	161.65220298979	6	163.80952380952	12613.333333333
SPRING_UPDATE_SCROLL	161.65220298979	6	false	false	false	idle	0	0	-2
SPRING_UPDATE_MOTION	161.65220298979	20.976358897721	163.80952380952	true	6
SPRING_UPDATE_RESULT	161.65220298979	161.95040634397	18.219236546555	true	6
SPRING_REALIGN	161.95040634397	6	163.80952380952	12613.333333333
SPRING_UPDATE_SCROLL	161.95040634397	6	false	false	false	idle	0	0	-3
SPRING_UPDATE_MOTION	161.95040634397	18.219236546555	163.80952380952	true	6
SPRING_UPDATE_RESULT	161.95040634397	162.19918416371	15.890863199873	true	6
SPRING_REALIGN	162.19918416371	6	163.80952380952	12613.333333333
SPRING_UPDATE_SCROLL	162.19918416371	6	false	false	false	idle	0	-2	-3
SPRING_UPDATE_MOTION	162.19918416371	15.890863199873	163.80952380952	true	6
SPRING_UPDATE_RESULT	162.19918416371	162.44017695571	13.551101664305	true	6
SPRING_REALIGN	162.44017695571	6	163.80952380952	12613.333333333
SPRING_UPDATE_SCROLL	162.44017695571	6	false	false	false	idle	0	-1	-6
SPRING_UPDATE_MOTION	162.44017695571	13.551101664305	163.80952380952	true	6
SPRING_UPDATE_RESULT	162.44017695571	162.63249116768	11.695739366478	true	6
SPRING_REALIGN	162.63249116768	6	163.80952380952	12613.333333333
SPRING_UPDATE_SCROLL	162.63249116768	6	false	false	false	idle	0	-2	-8
SPRING_UPDATE_MOTION	162.63249116768	11.695739366478	163.80952380952	true	6
SPRING_UPDATE_RESULT	162.63249116768	162.79992070629	10.061992248081	true	6
SPRING_REALIGN	162.79992070629	6	163.80952380952	12613.333333333
SPRING_UPDATE_SCROLL	162.79992070629	6	false	false	false	idle	0	-3	-22
SPRING_UPDATE_MOTION	162.79992070629	10.061992248081	163.80952380952	true	6
SPRING_UPDATE_RESULT	162.79992070629	163.04027453175	7.2421470721448	true	6
SPRING_REALIGN	163.04027453175	6	163.80952380952	12613.333333333
SPRING_UPDATE_SCROLL	163.04027453175	6	false	false	false	idle	0	-2	-17
SPRING_UPDATE_MOTION	163.04027453175	7.2421470721448	163.80952380952	true	6
SPRING_UPDATE_RESULT	163.04027453175	163.22237227526	5.4254209446716	true	6
SPRING_REALIGN	163.22237227526	6	163.80952380952	12613.333333333
SPRING_UPDATE_SCROLL	163.22237227526	6	false	false	false	idle	0	0	-2
SPRING_UPDATE_MOTION	163.22237227526	5.4254209446716	163.80952380952	true	6
SPRING_UPDATE_RESULT	163.22237227526	163.30205175329	4.7792966586253	true	6
SPRING_REALIGN	163.30205175329	6	163.80952380952	12613.333333333
SPRING_UPDATE_SCROLL	163.30205175329	6	false	false	false	idle	0	-1	-1
SPRING_UPDATE_MOTION	163.30205175329	4.7792966586253	163.80952380952	true	6
SPRING_UPDATE_RESULT	163.30205175329	163.36811786901	4.2195627365087	true	6
SPRING_REALIGN	163.36811786901	6	163.80952380952	12613.333333333
SPRING_UPDATE_SCROLL	163.36811786901	6	false	false	false	idle	0	0	-1
SPRING_UPDATE_MOTION	163.36811786901	4.2195627365087	163.80952380952	true	6
SPRING_UPDATE_RESULT	163.36811786901	163.43235286249	3.6438770538081	true	6
SPRING_REALIGN	163.43235286249	6	163.80952380952	12613.333333333
SPRING_UPDATE_SCROLL	163.43235286249	6	false	false	false	idle	0	0	0
SPRING_UPDATE_MOTION	163.43235286249	3.6438770538081	163.80952380952	true	6
SPRING_UPDATE_RESULT	163.43235286249	163.48247694981	3.1904020339299	true	6
SPRING_REALIGN	163.48247694981	6	163.80952380952	12613.333333333
SPRING_UPDATE_SCROLL	163.48247694981	6	false	false	false	idle	0	0	-2
SPRING_UPDATE_MOTION	163.48247694981	3.1904020339299	163.80952380952	true	6
SPRING_UPDATE_RESULT	163.48247694981	163.52991279402	2.74452633189	true	6
SPRING_REALIGN	163.52991279402	6	163.80952380952	12613.333333333
SPRING_UPDATE_SCROLL	163.52991279402	6	false	false	false	idle	0	0	-1
SPRING_UPDATE_MOTION	163.52991279402	2.74452633189	163.80952380952	true	6
SPRING_UPDATE_RESULT	163.52991279402	163.56927707597	2.3714137142903	true	6
SPRING_REALIGN	163.56927707597	6	163.80952380952	12613.333333333
SPRING_UPDATE_SCROLL	163.56927707597	6	false	false	false	idle	0	0	-1
SPRING_UPDATE_MOTION	163.56927707597	2.3714137142903	163.80952380952	true	6
SPRING_UPDATE_RESULT	163.56927707597	163.60235310054	2.0552667610058	true	6
SPRING_REALIGN	163.60235310054	6	163.80952380952	12613.333333333
SPRING_UPDATE_SCROLL	163.60235310054	6	false	false	false	idle	0	0	-1
SPRING_UPDATE_MOTION	163.60235310054	2.0552667610058	163.80952380952	true	6
SPRING_UPDATE_RESULT	163.60235310054	163.63397730928	1.7432738950112	true	6
SPRING_REALIGN	163.63397730928	6	163.80952380952	12613.333333333
SPRING_UPDATE_SCROLL	163.63397730928	6	false	false	false	idle	0	0	-1
SPRING_UPDATE_MOTION	163.63397730928	1.7432738950112	163.80952380952	true	6
SPRING_UPDATE_RESULT	163.63397730928	163.6746991553	1.2772636062383	true	6
SPRING_REALIGN	163.6746991553	6	163.80952380952	12613.333333333
SPRING_UPDATE_SCROLL	163.6746991553	6	false	false	false	idle	0	0	0
SPRING_UPDATE_MOTION	163.6746991553	1.2772636062383	163.80952380952	true	6
SPRING_UPDATE_RESULT	163.6746991553	163.69438628925	1.1046472608674	true	6
SPRING_REALIGN	163.69438628925	6	163.80952380952	12613.333333333
SPRING_UPDATE_SCROLL	163.69438628925	6	false	false	false	idle	0	0	-1
SPRING_UPDATE_MOTION	163.69438628925	1.1046472608674	163.80952380952	true	6
SPRING_UPDATE_RESULT	163.69438628925	163.71034590316	0.96160789480461	true	6
SPRING_REALIGN	163.71034590316	6	163.80952380952	12613.333333333
SPRING_UPDATE_SCROLL	163.71034590316	6	false	false	false	idle	0	0	0
SPRING_UPDATE_MOTION	163.71034590316	0.96160789480461	163.80952380952	true	6
SPRING_UPDATE_RESULT	163.71034590316	163.72404396878	0.83580850682732	true	6
SPRING_REALIGN	163.72404396878	6	163.80952380952	12613.333333333
SPRING_UPDATE_SCROLL	163.72404396878	6	false	false	false	idle	0	0	0
SPRING_UPDATE_MOTION	163.72404396878	0.83580850682732	163.80952380952	true	6
SPRING_UPDATE_RESULT	163.72404396878	163.73610594735	0.72242124593444	true	6
SPRING_REALIGN	163.73610594735	6	163.80952380952	12613.333333333
SPRING_UPDATE_SCROLL	163.73610594735	6	false	false	false	idle	0	0	0
SPRING_UPDATE_MOTION	163.73610594735	0.72242124593444	163.80952380952	true	6
SPRING_UPDATE_RESULT	163.73610594735	163.74628354068	0.62569351771878	true	6
SPRING_REALIGN	163.74628354068	6	163.80952380952	12613.333333333
SPRING_UPDATE_SCROLL	163.74628354068	6	false	false	false	idle	0	0	-2
SPRING_UPDATE_MOTION	163.74628354068	0.62569351771878	163.80952380952	true	6
SPRING_UPDATE_RESULT	163.74628354068	163.75535662688	0.53784285157323	true	6
SPRING_REALIGN	163.75535662688	6	163.80952380952	12613.333333333
SPRING_UPDATE_SCROLL	163.75535662688	6	false	false	false	idle	0	-1	-3
SPRING_UPDATE_MOTION	163.75535662688	0.53784285157323	163.80952380952	true	6
SPRING_UPDATE_RESULT	163.75535662688	163.76315838671	0.46165078812678	true	6
SPRING_REALIGN	163.76315838671	6	163.80952380952	12613.333333333
SPRING_UPDATE_SCROLL	163.76315838671	6	false	false	false	idle	0	0	-2
SPRING_UPDATE_MOTION	163.76315838671	0.46165078812678	163.80952380952	true	6
SPRING_UPDATE_RESULT	163.76315838671	163.76950126481	0.39994187109429	true	6
SPRING_REALIGN	163.76950126481	6	163.80952380952	12613.333333333
SPRING_UPDATE_SCROLL	163.76950126481	6	false	false	false	idle	0	0	-2
SPRING_UPDATE_MOTION	163.76950126481	0.39994187109429	163.80952380952	true	6
SPRING_UPDATE_RESULT	163.76950126481	163.77540715887	0.34117605953047	true	6
SPRING_REALIGN	163.77540715887	6	163.80952380952	12613.333333333
SPRING_UPDATE_SCROLL	163.77540715887	6	false	false	false	idle	0	0	-2
SPRING_UPDATE_MOTION	163.77540715887	0.34117605953047	163.80952380952	true	6
SPRING_UPDATE_RESULT	163.77540715887	163.78356101932	0.24443126796453	true	6
SPRING_REALIGN	163.78356101932	6	163.80952380952	12613.333333333
SPRING_UPDATE_SCROLL	163.78356101932	6	false	false	false	idle	0	0	-1
SPRING_UPDATE_MOTION	163.78356101932	0.24443126796453	163.80952380952	true	6
SPRING_UPDATE_RESULT	163.78356101932	163.78714716547	0.21378557634754	true	6
SPRING_REALIGN	163.78714716547	6	163.80952380952	12613.333333333
SPRING_UPDATE_SCROLL	163.78714716547	6	false	false	false	idle	0	0	-2
SPRING_UPDATE_MOTION	163.78714716547	0.21378557634754	163.80952380952	true	6
SPRING_UPDATE_RESULT	163.78714716547	163.79025962856	0.1861565520356	true	6
SPRING_REALIGN	163.79025962856	6	163.80952380952	12613.333333333
SPRING_UPDATE_SCROLL	163.79025962856	6	false	false	false	idle	0	-1	-1
SPRING_UPDATE_MOTION	163.79025962856	0.1861565520356	163.80952380952	true	6
SPRING_UPDATE_RESULT	163.79025962856	163.79282439238	0.16293318279782	true	6
SPRING_REALIGN	163.79282439238	6	163.80952380952	12613.333333333
SPRING_UPDATE_SCROLL	163.79282439238	6	false	false	false	idle	0	-1	-2
SPRING_UPDATE_MOTION	163.79282439238	0.16293318279782	163.80952380952	true	6
SPRING_UPDATE_RESULT	163.79282439238	163.79531082372	0.1394310084364	true	6
SPRING_REALIGN	163.79531082372	6	163.80952380952	12613.333333333
SPRING_UPDATE_SCROLL	163.79531082372	6	false	false	false	idle	0	0	-1
SPRING_UPDATE_MOTION	163.79531082372	0.1394310084364	163.80952380952	true	6
SPRING_UPDATE_RESULT	163.79531082372	163.79725472795	0.12112533877114	true	6
SPRING_REALIGN	163.79725472795	6	163.80952380952	12613.333333333
SPRING_UPDATE_SCROLL	163.79725472795	6	false	false	false	idle	0	-1	0
SPRING_UPDATE_MOTION	163.79725472795	0.12112533877114	163.80952380952	true	6
SPRING_UPDATE_RESULT	163.79725472795	163.7990057014	0.10426991788337	true	6
SPRING_REALIGN	163.7990057014	6	163.80952380952	12613.333333333
SPRING_UPDATE_SCROLL	163.7990057014	6	false	false	false	pressed	0	0	0
SPRING_STOP_MOTION	163.7990057014	0.10426991788337	163.80952380952	6
SPRING_PRESS	1075	302	163.7990057014
SPRING_UPDATE_MOTION	163.7990057014	0	163.80952380952	false	6
SPRING_START_SNAP	163.7990057014	163.80952380952	81.904761904762
SPRING_UPDATE_RESULT	163.7990057014	163.7990057014	0	true	6
SPRING_REALIGN	163.7990057014	6	163.80952380952	12613.333333333
SPRING_SCROLL_TO	6	163.7990057014	163.80952380952	0.010518108126632	2000.0631086488
BUTTON_PRESS	2964	881.33333333333	255.15337525098	372	75.238095238095
SPRING_UPDATE_SCROLL	163.7990057014	6	false	true	false	held	0	0	0
SPRING_DRAG_PENDING	1075	302	1075	302	0
SPRING_UPDATE_MOTION	163.7990057014	2000.0631086488	163.80952380952	true	6
SPRING_UPDATE_RESULT	163.7990057014	182.92884667909	1208.7756055109	true	6
SPRING_REALIGN	182.92884667909	6	163.80952380952	12613.333333333
SPRING_UPDATE_SCROLL	182.92884667909	6	false	true	false	held	0	0	0
SPRING_DRAG_PENDING	1075	302	1075	302	0
SPRING_UPDATE_MOTION	182.92884667909	1208.7756055109	163.80952380952	true	6
SPRING_UPDATE_RESULT	182.92884667909	185.33867488572	70.666133161789	true	6
SPRING_REALIGN	185.33867488572	6	163.80952380952	12613.333333333
SPRING_UPDATE_SCROLL	185.33867488572	6	false	true	false	held	0	0	0
SPRING_DRAG_PENDING	1075	302	1075	302	0
SPRING_UPDATE_MOTION	185.33867488572	70.666133161789	163.80952380952	true	6
SPRING_UPDATE_RESULT	185.33867488572	185.06521385176	-16.656882311078	true	6
SPRING_REALIGN	185.06521385176	6	163.80952380952	12613.333333333
SPRING_UPDATE_SCROLL	185.06521385176	6	false	true	false	held	0	0	0
SPRING_DRAG_PENDING	1075	302	1075	302	0
SPRING_UPDATE_MOTION	185.06521385176	-16.656882311078	163.80952380952	true	6
SPRING_UPDATE_RESULT	185.06521385176	183.91226883839	-68.601545445007	true	6
SPRING_REALIGN	183.91226883839	6	163.80952380952	12613.333333333
SPRING_UPDATE_SCROLL	183.91226883839	6	false	true	false	released	0	0	0
SPRING_DRAG_RELEASE	false	0	183.91226883839	-68.601545445007
SPRING_UPDATE_MOTION	183.91226883839	-68.601545445007	163.80952380952	true	6
SPRING_UPDATE_RESULT	183.91226883839	182.31069823012	-95.473657720776	true	6
SPRING_REALIGN	182.31069823012	6	163.80952380952	12613.333333333
BUTTON_RELEASE	true	2964	2964
ACTION_SELECT_BEATMAP	5	false
ACTION_SELECT_SCROLL_TO	5	5
Full Rebuild in: 24.000000 ms
SPRING_REALIGN	182.31069823012	5	163.80952380952	12613.333333333
SPRING_SCROLL_TO	5	182.31069823012	81.904761904762	-100.40593632536	-2602.4356179522
SPRING_UPDATE_SCROLL	182.31069823012	5	false	false	false	idle	0	0	0
SPRING_UPDATE_MOTION	182.31069823012	-2602.4356179522	81.904761904762	true	5
SPRING_UPDATE_RESULT	182.31069823012	173.42369472031	-177.74007019619	true	5
SPRING_REALIGN	173.42369472031	5	81.904761904762	12613.333333333
SPRING_UPDATE_SCROLL	173.42369472031	5	false	false	false	idle	0	0	0
SPRING_UPDATE_MOTION	173.42369472031	-177.74007019619	81.904761904762	true	5
SPRING_UPDATE_RESULT	173.42369472031	167.60413318495	-353.2895149712	true	5
SPRING_REALIGN	167.60413318495	5	81.904761904762	12613.333333333
SPRING_UPDATE_SCROLL	167.60413318495	5	false	false	false	idle	0	0	0
SPRING_UPDATE_MOTION	167.60413318495	-353.2895149712	81.904761904762	true	5
SPRING_UPDATE_RESULT	167.60413318495	160.10527553074	-443.11894853774	true	5
SPRING_REALIGN	160.10527553074	5	81.904761904762	12613.333333333
SPRING_UPDATE_SCROLL	160.10527553074	5	false	false	false	idle	0	0	0
SPRING_UPDATE_MOTION	160.10527553074	-443.11894853774	81.904761904762	true	5
SPRING_UPDATE_RESULT	160.10527553074	152.37801860948	-472.93907271383	true	5
SPRING_REALIGN	152.37801860948	5	81.904761904762	12613.333333333
SPRING_UPDATE_SCROLL	152.37801860948	5	false	false	false	idle	0	0	0
SPRING_UPDATE_MOTION	152.37801860948	-472.93907271383	81.904761904762	true	5
SPRING_UPDATE_RESULT	152.37801860948	136.82525460034	-466.42386973473	true	5
SPRING_REALIGN	136.82525460034	5	81.904761904762	12613.333333333
SPRING_UPDATE_SCROLL	136.82525460034	5	false	false	false	idle	0	0	0
SPRING_UPDATE_MOTION	136.82525460034	-466.42386973473	81.904761904762	true	5
SPRING_UPDATE_RESULT	136.82525460034	129.99514680994	-424.62327187249	true	5
SPRING_REALIGN	129.99514680994	5	81.904761904762	12613.333333333
SPRING_UPDATE_SCROLL	129.99514680994	5	false	false	false	idle	0	0	0
SPRING_UPDATE_MOTION	129.99514680994	-424.62327187249	81.904761904762	true	5
SPRING_UPDATE_RESULT	129.99514680994	123.38876716661	-377.7405280595	true	5
SPRING_REALIGN	123.38876716661	5	81.904761904762	12613.333333333
SPRING_UPDATE_SCROLL	123.38876716661	5	false	false	false	idle	0	0	0
SPRING_UPDATE_MOTION	123.38876716661	-377.7405280595	81.904761904762	true	5
SPRING_UPDATE_RESULT	123.38876716661	110.99837159684	-247.80791139534	true	5
SPRING_REALIGN	110.99837159684	5	81.904761904762	12613.333333333
SPRING_UPDATE_SCROLL	110.99837159684	5	false	false	false	idle	0	0	0
SPRING_UPDATE_MOTION	110.99837159684	-247.80791139534	81.904761904762	true	5
SPRING_UPDATE_RESULT	110.99837159684	107.27276598089	-224.68040960265	true	5
SPRING_REALIGN	107.27276598089	5	81.904761904762	12613.333333333
SPRING_UPDATE_SCROLL	107.27276598089	5	false	false	false	idle	0	0	0
SPRING_UPDATE_MOTION	107.27276598089	-224.68040960265	81.904761904762	true	5
SPRING_UPDATE_RESULT	107.27276598089	99.626923620002	-153.29026229671	true	5
SPRING_REALIGN	99.626923620002	5	81.904761904762	12613.333333333
SPRING_UPDATE_SCROLL	99.626923620002	5	false	false	false	idle	0	0	0
SPRING_UPDATE_MOTION	99.626923620002	-153.29026229671	81.904761904762	true	5
SPRING_UPDATE_RESULT	99.626923620002	97.376346131366	-138.53799821706	true	5
SPRING_REALIGN	97.376346131366	5	81.904761904762	12613.333333333
SPRING_UPDATE_SCROLL	97.376346131366	5	false	false	false	idle	0	0	0
SPRING_UPDATE_MOTION	97.376346131366	-138.53799821706	81.904761904762	true	5
SPRING_UPDATE_RESULT	97.376346131366	95.212048005753	-122.44136893749	true	5
SPRING_REALIGN	95.212048005753	5	81.904761904762	12613.333333333
SPRING_UPDATE_SCROLL	95.212048005753	5	false	false	false	idle	0	0	0
SPRING_UPDATE_MOTION	95.212048005753	-122.44136893749	81.904761904762	true	5
SPRING_UPDATE_RESULT	95.212048005753	93.475326019449	-108.60349852445	true	5
SPRING_REALIGN	93.475326019449	5	81.904761904762	12613.333333333
SPRING_UPDATE_SCROLL	93.475326019449	5	false	false	false	idle	0	0	0
SPRING_UPDATE_MOTION	93.475326019449	-108.60349852445	81.904761904762	true	5
SPRING_UPDATE_RESULT	93.475326019449	91.879675744789	-95.077656302381	true	5
SPRING_REALIGN	91.879675744789	5	81.904761904762	12613.333333333
SPRING_UPDATE_SCROLL	91.879675744789	5	false	false	false	idle	0	0	0
SPRING_UPDATE_MOTION	91.879675744789	-95.077656302381	81.904761904762	true	5
SPRING_UPDATE_RESULT	91.879675744789	90.556833382137	-83.494853544812	true	5
SPRING_REALIGN	90.556833382137	5	81.904761904762	12613.333333333
SPRING_UPDATE_SCROLL	90.556833382137	5	false	false	false	idle	0	0	0
SPRING_UPDATE_MOTION	90.556833382137	-83.494853544812	81.904761904762	true	5
SPRING_UPDATE_RESULT	90.556833382137	88.466251464397	-60.813744087295	true	5
SPRING_REALIGN	88.466251464397	5	81.904761904762	12613.333333333
SPRING_UPDATE_SCROLL	88.466251464397	5	false	false	false	idle	0	0	0
SPRING_UPDATE_MOTION	88.466251464397	-60.813744087295	81.904761904762	true	5
SPRING_UPDATE_RESULT	88.466251464397	87.569633795079	-53.474820888377	true	5
SPRING_REALIGN	87.569633795079	5	81.904761904762	12613.333333333
SPRING_UPDATE_SCROLL	87.569633795079	5	false	false	false	idle	0	0	0
SPRING_UPDATE_MOTION	87.569633795079	-53.474820888377	81.904761904762	true	5
SPRING_UPDATE_RESULT	87.569633795079	86.791926399363	-46.790368610748	true	5
SPRING_REALIGN	86.791926399363	5	81.904761904762	12613.333333333
SPRING_UPDATE_SCROLL	86.791926399363	5	false	false	false	idle	0	0	0
SPRING_UPDATE_MOTION	86.791926399363	-46.790368610748	81.904761904762	true	5
SPRING_UPDATE_RESULT	86.791926399363	86.117162596513	-40.777386484368	true	5
SPRING_REALIGN	86.117162596513	5	81.904761904762	12613.333333333
SPRING_UPDATE_SCROLL	86.117162596513	5	false	false	false	idle	0	0	0
SPRING_UPDATE_MOTION	86.117162596513	-40.777386484368	81.904761904762	true	5
SPRING_UPDATE_RESULT	86.117162596513	85.530147707988	-35.397953876813	true	5
SPRING_REALIGN	85.530147707988	5	81.904761904762	12613.333333333
SPRING_UPDATE_SCROLL	85.530147707988	5	false	false	false	idle	0	0	0
SPRING_UPDATE_MOTION	85.530147707988	-35.397953876813	81.904761904762	true	5
SPRING_UPDATE_RESULT	85.530147707988	85.018171117505	-30.600111796124	true	5
SPRING_REALIGN	85.018171117505	5	81.904761904762	12613.333333333
SPRING_UPDATE_SCROLL	85.018171117505	5	false	false	false	idle	0	0	0
SPRING_UPDATE_MOTION	85.018171117505	-30.600111796124	81.904761904762	true	5
SPRING_UPDATE_RESULT	85.018171117505	84.282185144766	-22.310447694893	true	5
SPRING_REALIGN	84.282185144766	5	81.904761904762	12613.333333333
SPRING_UPDATE_SCROLL	84.282185144766	5	false	false	false	idle	0	0	0
SPRING_UPDATE_MOTION	84.282185144766	-22.310447694893	81.904761904762	true	5
SPRING_UPDATE_RESULT	84.282185144766	83.952408152483	-19.513777894461	true	5
SPRING_REALIGN	83.952408152483	5	81.904761904762	12613.333333333
SPRING_UPDATE_SCROLL	83.952408152483	5	false	false	false	idle	0	0	0
SPRING_UPDATE_MOTION	83.952408152483	-19.513777894461	81.904761904762	true	5
SPRING_UPDATE_RESULT	83.952408152483	83.671744425728	-17.044010855361	true	5
SPRING_REALIGN	83.671744425728	5	81.904761904762	12613.333333333
SPRING_UPDATE_SCROLL	83.671744425728	5	false	false	false	idle	0	0	0
SPRING_UPDATE_MOTION	83.671744425728	-17.044010855361	81.904761904762	true	5
SPRING_UPDATE_RESULT	83.671744425728	83.424766625714	-14.798482870218	true	5
SPRING_REALIGN	83.424766625714	5	81.904761904762	12613.333333333
SPRING_UPDATE_SCROLL	83.424766625714	5	false	false	false	idle	0	0	0
SPRING_UPDATE_MOTION	83.424766625714	-14.798482870218	81.904761904762	true	5
SPRING_UPDATE_RESULT	83.424766625714	83.208489476479	-12.78226187994	true	5
SPRING_REALIGN	83.208489476479	5	81.904761904762	12613.333333333
SPRING_UPDATE_SCROLL	83.208489476479	5	false	false	false	idle	0	0	0
SPRING_UPDATE_MOTION	83.208489476479	-12.78226187994	81.904761904762	true	5
SPRING_UPDATE_RESULT	83.208489476479	83.026152676572	-11.060502014331	true	5
SPRING_REALIGN	83.026152676572	5	81.904761904762	12613.333333333
SPRING_UPDATE_SCROLL	83.026152676572	5	false	false	false	idle	0	0	0
SPRING_UPDATE_MOTION	83.026152676572	-11.060502014331	81.904761904762	true	5
SPRING_UPDATE_RESULT	83.026152676572	82.759024549768	-8.0093585633148	true	5
SPRING_REALIGN	82.759024549768	5	81.904761904762	12613.333333333
SPRING_UPDATE_SCROLL	82.759024549768	5	false	false	false	idle	0	0	0
SPRING_UPDATE_MOTION	82.759024549768	-8.0093585633148	81.904761904762	true	5
SPRING_UPDATE_RESULT	82.759024549768	82.642080323641	-7.0221167745068	true	5
SPRING_REALIGN	82.642080323641	5	81.904761904762	12613.333333333
SPRING_UPDATE_SCROLL	82.642080323641	5	false	false	false	idle	0	0	0
SPRING_UPDATE_MOTION	82.642080323641	-7.0221167745068	81.904761904762	true	5
SPRING_UPDATE_RESULT	82.642080323641	82.538737731947	-6.1106434932965	true	5
SPRING_REALIGN	82.538737731947	5	81.904761904762	12613.333333333
SPRING_UPDATE_SCROLL	82.538737731947	5	false	false	false	idle	0	0	0
SPRING_UPDATE_MOTION	82.538737731947	-6.1106434932965	81.904761904762	true	5
SPRING_UPDATE_RESULT	82.538737731947	82.449992178648	-5.3049880324756	true	5
SPRING_REALIGN	82.449992178648	5	81.904761904762	12613.333333333
SPRING_UPDATE_SCROLL	82.449992178648	5	false	false	false	idle	0	0	0
SPRING_UPDATE_MOTION	82.449992178648	-5.3049880324756	81.904761904762	true	5
SPRING_UPDATE_RESULT	82.449992178648	82.374566634675	-4.606449530812	true	5
SPRING_REALIGN	82.374566634675	5	81.904761904762	12613.333333333
SPRING_UPDATE_SCROLL	82.374566634675	5	false	false	false	idle	0	0	0
SPRING_UPDATE_MOTION	82.374566634675	-4.606449530812	81.904761904762	true	5
SPRING_UPDATE_RESULT	82.374566634675	82.310451528504	-4.0036159040109	true	5
SPRING_REALIGN	82.310451528504	5	81.904761904762	12613.333333333
SPRING_UPDATE_SCROLL	82.310451528504	5	false	false	false	idle	0	0	0
SPRING_UPDATE_MOTION	82.310451528504	-4.0036159040109	81.904761904762	true	5
SPRING_UPDATE_RESULT	82.310451528504	82.212737468918	-2.8780822885052	true	5
SPRING_REALIGN	82.212737468918	5	81.904761904762	12613.333333333
SPRING_UPDATE_SCROLL	82.212737468918	5	false	false	false	pressed	0	0	0
SPRING_STOP_MOTION	82.212737468918	-2.8780822885052	81.904761904762	5
SPRING_PRESS	1075	302	82.212737468918
SPRING_UPDATE_MOTION	82.212737468918	0	81.904761904762	false	5
SPRING_START_SNAP	82.212737468918	81.904761904762	81.904761904762
SPRING_UPDATE_RESULT	82.212737468918	82.212737468918	0	true	5
BUTTON_PRESS	3198	881.33333333333	254.8348815787	372	75.238095238095
SPRING_UPDATE_SCROLL	82.212737468918	5	false	true	false	held	0	0	0
SPRING_DRAG_PENDING	1075	302	1075	302	0
SPRING_UPDATE_MOTION	82.212737468918	0	81.904761904762	true	5
SPRING_UPDATE_RESULT	82.212737468918	82.198525660026	-0.84981576068607	true	5
SPRING_REALIGN	82.198525660026	5	81.904761904762	12613.333333333
SPRING_SCROLL_TO	5	82.198525660026	81.904761904762	-0.29376375526402	-2001.7625825316
SPRING_UPDATE_SCROLL	82.198525660026	5	false	true	false	held	0	0	0
SPRING_DRAG_PENDING	1075	302	1075	302	0
SPRING_UPDATE_MOTION	82.198525660026	-2001.7625825316	81.904761904762	true	5
SPRING_UPDATE_RESULT	82.198525660026	62.781271365003	-1176.9102824514	true	5
SPRING_REALIGN	62.781271365003	5	81.904761904762	12613.333333333
SPRING_UPDATE_SCROLL	62.781271365003	5	false	true	false	held	0	0	0
SPRING_DRAG_PENDING	1075	302	1075	302	0
SPRING_UPDATE_MOTION	62.781271365003	-1176.9102824514	81.904761904762	true	5
SPRING_UPDATE_RESULT	62.781271365003	52.206722672218	-630.64992174147	true	5
SPRING_REALIGN	52.206722672218	5	81.904761904762	12613.333333333
SPRING_UPDATE_SCROLL	52.206722672218	5	false	true	false	held	0	0	0
SPRING_DRAG_PENDING	1075	302	1075	302	0
SPRING_UPDATE_MOTION	52.206722672218	-630.64992174147	81.904761904762	true	5
SPRING_UPDATE_RESULT	52.206722672218	47.448833224986	-282.13960525819	true	5
SPRING_REALIGN	47.448833224986	5	81.904761904762	12613.333333333
SPRING_UPDATE_SCROLL	47.448833224986	5	false	true	false	released	0	0	0
SPRING_DRAG_RELEASE	false	0	47.448833224986	-282.13960525819
SPRING_UPDATE_MOTION	47.448833224986	-282.13960525819	81.904761904762	true	5
SPRING_UPDATE_RESULT	47.448833224986	52.146226264279	141.31195348234	true	5
SPRING_REALIGN	52.146226264279	5	81.904761904762	12613.333333333
BUTTON_RELEASE	true	3198	3198
ACTION_SELECT_BEATMAP	4	false
ACTION_SELECT_SCROLL_TO	4	4
Full Rebuild in: 1.000000 ms
SPRING_REALIGN	52.146226264279	4	81.904761904762	12613.333333333
SPRING_SCROLL_TO	4	52.146226264279	5.6843418860808e-14	-52.146226264279	-2312.8773575857
SPRING_UPDATE_SCROLL	52.146226264279	4	false	false	false	idle	0	0	0
SPRING_UPDATE_MOTION	52.146226264279	-2312.8773575857	5.6843418860808e-14	true	4
SPRING_UPDATE_RESULT	52.146226264279	27.910292300243	-1536.5845811113	true	4
SPRING_REALIGN	27.910292300243	4	5.6843418860808e-14	12613.333333333
SPRING_UPDATE_SCROLL	27.910292300243	4	false	false	false	idle	0	0	0
SPRING_UPDATE_MOTION	27.910292300243	-1536.5845811113	5.6843418860808e-14	true	4
SPRING_UPDATE_RESULT	27.910292300243	11.295073474287	-937.17743955973	true	4
SPRING_REALIGN	11.295073474287	4	5.6843418860808e-14	12613.333333333
SPRING_UPDATE_SCROLL	11.295073474287	4	false	false	false	idle	0	0	0
SPRING_UPDATE_MOTION	11.295073474287	-937.17743955973	5.6843418860808e-14	true	4
SPRING_UPDATE_RESULT	11.295073474287	1.7679676120769	-587.4004021315	true	4
SPRING_REALIGN	1.7679676120769	4	5.6843418860808e-14	12613.333333333
SPRING_UPDATE_SCROLL	1.7679676120769	4	false	false	false	idle	0	0	0
SPRING_UPDATE_MOTION	1.7679676120769	-587.4004021315	5.6843418860808e-14	true	4
SPRING_UPDATE_RESULT	1.7679676120769	-4.065754653529	-341.58882467741	true	4
SPRING_REALIGN	-4.065754653529	4	5.6843418860808e-14	12613.333333333
SPRING_UPDATE_SCROLL	-4.065754653529	4	false	false	false	idle	0	0	0
SPRING_UPDATE_MOTION	-4.065754653529	-341.58882467741	5.6843418860808e-14	true	4
SPRING_UPDATE_RESULT	-4.065754653529	-2.6523872906179	43.679745434941	true	4
SPRING_REALIGN	-2.6523872906179	4	5.6843418860808e-14	12613.333333333
SPRING_UPDATE_SCROLL	-2.6523872906179	4	false	false	false	idle	0	0	0
SPRING_UPDATE_MOTION	-2.6523872906179	43.679745434941	5.6843418860808e-14	true	4
SPRING_UPDATE_RESULT	-2.6523872906179	-2.1194065483186	30.282996721553	true	4
SPRING_REALIGN	-2.1194065483186	4	5.6843418860808e-14	12613.333333333
SPRING_UPDATE_SCROLL	-2.1194065483186	4	false	false	false	idle	0	0	0
SPRING_UPDATE_MOTION	-2.1194065483186	30.282996721553	5.6843418860808e-14	true	4
SPRING_UPDATE_RESULT	-2.1194065483186	-1.756252520974	7.263080546892	true	4
SPRING_REALIGN	-1.756252520974	4	5.6843418860808e-14	12613.333333333
SPRING_UPDATE_SCROLL	-1.756252520974	4	false	false	false	idle	0	0	0
SPRING_UPDATE_MOTION	-1.756252520974	7.263080546892	5.6843418860808e-14	true	4
SPRING_UPDATE_RESULT	-1.756252520974	-1.5790164179232	10.465298132384	true	4
SPRING_REALIGN	-1.5790164179232	4	5.6843418860808e-14	12613.333333333
SPRING_UPDATE_SCROLL	-1.5790164179232	4	false	false	false	idle	0	0	0
SPRING_UPDATE_MOTION	-1.5790164179232	10.465298132384	5.6843418860808e-14	true	4
SPRING_UPDATE_RESULT	-1.5790164179232	-1.3847877232657	11.227741179113	true	4
SPRING_REALIGN	-1.3847877232657	4	5.6843418860808e-14	12613.333333333
SPRING_UPDATE_SCROLL	-1.3847877232657	4	false	false	false	idle	0	0	0
SPRING_UPDATE_MOTION	-1.3847877232657	11.227741179113	5.6843418860808e-14	true	4
SPRING_UPDATE_RESULT	-1.3847877232657	-1.2160193718075	10.807053530449	true	4
SPRING_REALIGN	-1.2160193718075	4	5.6843418860808e-14	12613.333333333
SPRING_UPDATE_SCROLL	-1.2160193718075	4	false	false	false	idle	0	0	0
SPRING_UPDATE_MOTION	-1.2160193718075	10.807053530449	5.6843418860808e-14	true	4
SPRING_UPDATE_RESULT	-1.2160193718075	-1.0487518894446	9.8944982498082	true	4
SPRING_REALIGN	-1.0487518894446	4	5.6843418860808e-14	12613.333333333
SPRING_UPDATE_SCROLL	-1.0487518894446	4	false	false	false	idle	0	0	0
SPRING_UPDATE_MOTION	-1.0487518894446	9.8944982498082	5.6843418860808e-14	true	4
SPRING_UPDATE_RESULT	-1.0487518894446	-0.9020515968889	8.8138986887765	true	4
SPRING_REALIGN	-0.9020515968889	4	5.6843418860808e-14	12613.333333333
SPRING_UPDATE_SCROLL	-0.9020515968889	4	false	false	false	idle	0	0	0
SPRING_UPDATE_MOTION	-0.9020515968889	8.8138986887765	5.6843418860808e-14	true	4
SPRING_UPDATE_RESULT	-0.9020515968889	-0.77382905092049	7.7259718110906	true	4
SPRING_REALIGN	-0.77382905092049	4	5.6843418860808e-14	12613.333333333
SPRING_UPDATE_SCROLL	-0.77382905092049	4	false	false	false	idle	0	0	0
SPRING_UPDATE_MOTION	-0.77382905092049	7.7259718110906	5.6843418860808e-14	true	4
SPRING_UPDATE_RESULT	-0.77382905092049	-0.6595701665019	6.6726750772976	true	4
SPRING_REALIGN	-0.6595701665019	4	5.6843418860808e-14	12613.333333333
SPRING_UPDATE_SCROLL	-0.6595701665019	4	false	false	false	idle	0	0	0
SPRING_UPDATE_MOTION	-0.6595701665019	6.6726750772976	5.6843418860808e-14	true	4
SPRING_UPDATE_RESULT	-0.6595701665019	-0.4991001612177	4.8425209137688	true	4
SPRING_REALIGN	-0.4991001612177	4	5.6843418860808e-14	12613.333333333
SPRING_UPDATE_SCROLL	-0.4991001612177	4	false	false	false	idle	0	0	0
SPRING_UPDATE_MOTION	-0.4991001612177	4.8425209137688	5.6843418860808e-14	true	4
SPRING_UPDATE_RESULT	-0.4991001612177	-0.42788942615773	4.2536219064329	true	4
SPRING_REALIGN	-0.42788942615773	4	5.6843418860808e-14	12613.333333333
SPRING_UPDATE_SCROLL	-0.42788942615773	4	false	false	false	idle	0	0	0
SPRING_UPDATE_MOTION	-0.42788942615773	4.2536219064329	5.6843418860808e-14	true	4
SPRING_UPDATE_RESULT	-0.42788942615773	-0.36661909380879	3.7001897702678	true	4
SPRING_REALIGN	-0.36661909380879	4	5.6843418860808e-14	12613.333333333
SPRING_UPDATE_SCROLL	-0.36661909380879	4	false	false	false	idle	0	0	0
SPRING_UPDATE_MOTION	-0.36661909380879	3.7001897702678	5.6843418860808e-14	true	4
SPRING_UPDATE_RESULT	-0.36661909380879	-0.31353152254202	3.1947362532057	true	4
SPRING_REALIGN	-0.31353152254202	4	5.6843418860808e-14	12613.333333333
SPRING_UPDATE_SCROLL	-0.31353152254202	4	false	false	false	idle	0	0	0
SPRING_UPDATE_MOTION	-0.31353152254202	3.1947362532057	5.6843418860808e-14	true	4
SPRING_UPDATE_RESULT	-0.31353152254202	-0.26745326686196	2.7411380008245	true	4
SPRING_REALIGN	-0.26745326686196	4	5.6843418860808e-14	12613.333333333
SPRING_UPDATE_SCROLL	-0.26745326686196	4	false	false	false	idle	0	0	0
SPRING_UPDATE_MOTION	-0.26745326686196	2.7411380008245	5.6843418860808e-14	true	4
SPRING_UPDATE_RESULT	-0.26745326686196	-0.22995222446842	2.3686414730355	true	4
SPRING_REALIGN	-0.22995222446842	4	5.6843418860808e-14	12613.333333333
SPRING_UPDATE_SCROLL	-0.22995222446842	4	false	false	false	idle	0	0	0
SPRING_UPDATE_MOTION	-0.22995222446842	2.3686414730355	5.6843418860808e-14	true	4
SPRING_UPDATE_RESULT	-0.22995222446842	-0.1947720132711	2.0074987558676	true	4
SPRING_REALIGN	-0.1947720132711	4	5.6843418860808e-14	12613.333333333
SPRING_UPDATE_SCROLL	-0.1947720132711	4	false	false	false	idle	0	0	0
SPRING_UPDATE_MOTION	-0.1947720132711	2.0074987558676	5.6843418860808e-14	true	4
SPRING_UPDATE_RESULT	-0.1947720132711	-0.14772286415939	1.4331712529495	true	4
SPRING_REALIGN	-0.14772286415939	4	5.6843418860808e-14	12613.333333333
SPRING_UPDATE_SCROLL	-0.14772286415939	4	false	false	false	idle	0	0	0
SPRING_UPDATE_MOTION	-0.14772286415939	1.4331712529495	5.6843418860808e-14	true	4
SPRING_UPDATE_RESULT	-0.14772286415939	-0.12653960058765	1.2578985743484	true	4
SPRING_REALIGN	-0.12653960058765	4	5.6843418860808e-14	12613.333333333
SPRING_UPDATE_SCROLL	-0.12653960058765	4	false	false	false	idle	0	0	0
SPRING_UPDATE_MOTION	-0.12653960058765	1.2578985743484	5.6843418860808e-14	true	4
SPRING_UPDATE_RESULT	-0.12653960058765	-0.10836350702531	1.0936409320412	true	4
SPRING_REALIGN	-0.10836350702531	4	5.6843418860808e-14	12613.333333333
SPRING_UPDATE_SCROLL	-0.10836350702531	4	false	false	false	idle	0	0	0
SPRING_UPDATE_MOTION	-0.10836350702531	1.0936409320412	5.6843418860808e-14	true	4
SPRING_UPDATE_RESULT	-0.10836350702531	-0.092683923800106	0.94439391097921	true	4
SPRING_REALIGN	-0.092683923800106	4	5.6843418860808e-14	12613.333333333
SPRING_UPDATE_SCROLL	-0.092683923800106	4	false	false	false	pressed	0	0	0
SPRING_STOP_MOTION	-0.092683923800106	0.94439391097921	5.6843418860808e-14	4
SPRING_PRESS	1075	302	-0.092683923800106
SPRING_UPDATE_MOTION	-0.092683923800106	0	5.6843418860808e-14	false	4
SPRING_UPDATE_RESULT	-0.092683923800106	-0.086514087582054	0.37046283372876	true	4
SPRING_REALIGN	-0.086514087582054	4	0	12613.333333333
SPRING_SCROLL_TO	4	-0.086514087582054	5.6843418860808e-14	0.086514087582111	2000.5190845255
BUTTON_PRESS	3432	881.33333333333	255.22937123044	372	75.238095238095
SPRING_UPDATE_SCROLL	-0.086514087582054	4	false	true	false	held	0	0	0
SPRING_DRAG_PENDING	1075	302	1075	302	0
SPRING_UPDATE_MOTION	-0.086514087582054	2000.5190845255	5.6843418860808e-14	true	4
SPRING_STOP_MOTION	5.6843418860808e-14	910.70180252493	5.6843418860808e-14	4
SPRING_UPDATE_RESULT	-0.086514087582054	5.6843418860808e-14	0	false	4
SPRING_REALIGN	5.6843418860808e-14	4	5.6843418860808e-14	12613.333333333
SPRING_SCROLL_TO	4	5.6843418860808e-14	5.6843418860808e-14	0	0
SPRING_UPDATE_SCROLL	5.6843418860808e-14	4	false	true	false	held	0	0	0
SPRING_DRAG_PENDING	1075	302	1075	302	0
SPRING_UPDATE_MOTION	5.6843418860808e-14	0	5.6843418860808e-14	true	4
SPRING_STOP_MOTION	5.6843418860808e-14	0	5.6843418860808e-14	4
SPRING_UPDATE_RESULT	5.6843418860808e-14	5.6843418860808e-14	0	false	nil
Full Rebuild in: 1.000000 ms
SPRING_REALIGN	5.6843418860808e-14	nil	5.6843418860808e-14	12613.333333333
SPRING_UPDATE_SCROLL	5.6843418860808e-14	nil	false	true	false	held	0	0	0
SPRING_DRAG_PENDING	1075	302	1075	302	0
SPRING_UPDATE_MOTION	5.6843418860808e-14	0	5.6843418860808e-14	false	nil
SPRING_START_SNAP	5.6843418860808e-14	0	81.904761904762
SPRING_UPDATE_RESULT	5.6843418860808e-14	5.6843418860808e-14	0	true	nil
SPRING_UPDATE_SCROLL	5.6843418860808e-14	nil	false	true	false	released	0	0	0
SPRING_DRAG_RELEASE	false	0	5.6843418860808e-14	0
SPRING_UPDATE_MOTION	5.6843418860808e-14	0	0	true	nil
SPRING_STOP_MOTION	0	-3.0965966857366e-13	0	nil
SPRING_UPDATE_RESULT	5.6843418860808e-14	0	0	false	nil
SPRING_REALIGN	0	nil	0	12613.333333333
BUTTON_RELEASE	true	3432	3671
SPRING_UPDATE_SCROLL	0	nil	false	false	false	pressed	0	1	0
SPRING_STOP_MOTION	0	0	0	nil
SPRING_PRESS	1058	481	0
SPRING_UPDATE_MOTION	0	0	0	false	nil
SPRING_START_SNAP	0	0	81.904761904762
SPRING_UPDATE_RESULT	0	0	0	true	nil
SPRING_REALIGN	0	nil	0	12613.333333333
BUTTON_PRESS	3685	881.33333333333	418.95238095238	372	75.238095238095
SPRING_UPDATE_SCROLL	0	nil	false	true	false	held	0	0	0
SPRING_DRAG_PENDING	1058	481	1058	481	0
SPRING_UPDATE_MOTION	0	0	0	true	nil
SPRING_STOP_MOTION	0	0	0	nil
SPRING_UPDATE_RESULT	0	0	0	false	nil
SPRING_UPDATE_SCROLL	0	nil	false	true	false	held	0	0	0
SPRING_DRAG_PENDING	1058	481	1058	481	0
SPRING_UPDATE_MOTION	0	0	0	false	nil
SPRING_START_SNAP	0	0	81.904761904762
SPRING_UPDATE_RESULT	0	0	0	true	nil
SPRING_UPDATE_SCROLL	0	nil	false	true	false	held	0	0	0
SPRING_DRAG_PENDING	1058	481	1058	481	0
SPRING_UPDATE_MOTION	0	0	0	true	nil
SPRING_STOP_MOTION	0	0	0	nil
SPRING_UPDATE_RESULT	0	0	0	false	nil
SPRING_UPDATE_SCROLL	0	nil	false	true	false	released	0	0	0
SPRING_DRAG_RELEASE	false	0	0	0
SPRING_UPDATE_MOTION	0	0	0	false	nil
SPRING_START_SNAP	0	0	81.904761904762
SPRING_UPDATE_RESULT	0	0	0	true	nil
BUTTON_RELEASE	true	3685	3685
ACTION_SELECT_BEATMAP	5	false
ACTION_SELECT_SCROLL_TO	5	5
Full Rebuild in: 7.000000 ms
SPRING_REALIGN	0	5	0	12613.333333333
SPRING_SCROLL_TO	5	0	81.904761904762	81.904761904762	2491.4285714286
SPRING_UPDATE_SCROLL	0	5	false	false	false	idle	0	0	0
SPRING_UPDATE_MOTION	0	2491.4285714286	81.904761904762	true	5
SPRING_UPDATE_RESULT	0	28.45186211495	840.54009999997	true	5
SPRING_REALIGN	28.45186211495	5	81.904761904762	12613.333333333
Full Rebuild in: 10.000000 ms
SPRING_REALIGN	28.45186211495	5	81.904761904762	12613.333333333
SPRING_SCROLL_TO	5	28.45186211495	81.904761904762	53.452899789812	2320.7173987389
SPRING_UPDATE_SCROLL	28.45186211495	5	false	false	false	idle	0	0	0
SPRING_UPDATE_MOTION	28.45186211495	2320.7173987389	81.904761904762	true	5
SPRING_UPDATE_RESULT	28.45186211495	51.624476963899	706.06670004996	true	5
SPRING_REALIGN	51.624476963899	5	81.904761904762	12613.333333333
SPRING_UPDATE_SCROLL	51.624476963899	5	false	false	false	idle	0	0	0
SPRING_UPDATE_MOTION	51.624476963899	706.06670004996	81.904761904762	true	5
SPRING_UPDATE_RESULT	51.624476963899	59.886632333299	494.70725697113	true	5
SPRING_REALIGN	59.886632333299	5	81.904761904762	12613.333333333
SPRING_UPDATE_SCROLL	59.886632333299	5	false	false	false	idle	0	0	0
SPRING_UPDATE_MOTION	59.886632333299	494.70725697113	81.904761904762	true	5
SPRING_UPDATE_RESULT	59.886632333299	65.71346360157	348.78465161057	true	5
SPRING_REALIGN	65.71346360157	5	81.904761904762	12613.333333333
SPRING_UPDATE_SCROLL	65.71346360157	5	false	false	false	idle	0	0	0
SPRING_UPDATE_MOTION	65.71346360157	348.78465161057	81.904761904762	true	5
SPRING_UPDATE_RESULT	65.71346360157	69.748912218706	251.89122861412	true	5
SPRING_REALIGN	69.748912218706	5	81.904761904762	12613.333333333
SPRING_UPDATE_SCROLL	69.748912218706	5	false	false	false	idle	0	0	0
SPRING_UPDATE_MOTION	69.748912218706	251.89122861412	81.904761904762	true	5
SPRING_UPDATE_RESULT	69.748912218706	72.846878709559	176.61287787773	true	5
SPRING_REALIGN	72.846878709559	5	81.904761904762	12613.333333333
SPRING_UPDATE_SCROLL	72.846878709559	5	false	false	false	idle	0	0	0
SPRING_UPDATE_MOTION	72.846878709559	176.61287787773	81.904761904762	true	5
SPRING_UPDATE_RESULT	72.846878709559	74.998446964552	127.21387423836	true	5
SPRING_REALIGN	74.998446964552	5	81.904761904762	12613.333333333
SPRING_UPDATE_SCROLL	74.998446964552	5	false	false	false	idle	0	0	0
SPRING_UPDATE_MOTION	74.998446964552	127.21387423836	81.904761904762	true	5
SPRING_UPDATE_RESULT	74.998446964552	76.257128449409	25.173629697141	true	5
SPRING_REALIGN	76.257128449409	5	81.904761904762	12613.333333333
SPRING_UPDATE_SCROLL	76.257128449409	5	false	false	false	idle	0	0	0
SPRING_UPDATE_MOTION	76.257128449409	25.173629697141	81.904761904762	true	5
SPRING_UPDATE_RESULT	76.257128449409	76.784185530284	30.415796084719	true	5
SPRING_REALIGN	76.784185530284	5	81.904761904762	12613.333333333
SPRING_UPDATE_SCROLL	76.784185530284	5	false	false	false	idle	0	0	0
SPRING_UPDATE_MOTION	76.784185530284	30.415796084719	81.904761904762	true	5
SPRING_UPDATE_RESULT	76.784185530284	77.892650720173	33.234148144383	true	5
SPRING_REALIGN	77.892650720173	5	81.904761904762	12613.333333333
SPRING_UPDATE_SCROLL	77.892650720173	5	false	false	false	idle	0	0	0
SPRING_UPDATE_MOTION	77.892650720173	33.234148144383	81.904761904762	true	5
SPRING_UPDATE_RESULT	77.892650720173	78.392729576552	30.46215104281	true	5
SPRING_REALIGN	78.392729576552	5	81.904761904762	12613.333333333
SPRING_UPDATE_SCROLL	78.392729576552	5	false	false	false	idle	0	0	0
SPRING_UPDATE_MOTION	78.392729576552	30.46215104281	81.904761904762	true	5
SPRING_UPDATE_RESULT	78.392729576552	78.852108280261	27.410866024746	true	5
SPRING_REALIGN	78.852108280261	5	81.904761904762	12613.333333333
SPRING_UPDATE_SCROLL	78.852108280261	5	false	false	false	idle	0	0	0
SPRING_UPDATE_MOTION	78.852108280261	27.410866024746	81.904761904762	true	5
SPRING_UPDATE_RESULT	78.852108280261	79.262644928693	24.349308638174	true	5
SPRING_REALIGN	79.262644928693	5	81.904761904762	12613.333333333
SPRING_UPDATE_SCROLL	79.262644928693	5	false	false	false	idle	0	0	0
SPRING_UPDATE_MOTION	79.262644928693	24.349308638174	81.904761904762	true	5
SPRING_UPDATE_RESULT	79.262644928693	79.621649867936	21.458624828506	true	5
SPRING_REALIGN	79.621649867936	5	81.904761904762	12613.333333333
SPRING_UPDATE_SCROLL	79.621649867936	5	false	false	false	idle	0	0	0
SPRING_UPDATE_MOTION	79.621649867936	21.458624828506	81.904761904762	true	5
SPRING_UPDATE_RESULT	79.621649867936	79.935454017452	18.790780155291	true	5
SPRING_REALIGN	79.935454017452	5	81.904761904762	12613.333333333
SPRING_UPDATE_SCROLL	79.935454017452	5	false	false	false	idle	0	0	0
SPRING_UPDATE_MOTION	79.935454017452	18.790780155291	81.904761904762	true	5
SPRING_UPDATE_RESULT	79.935454017452	80.397912626287	14.009906536776	true	5
SPRING_REALIGN	80.397912626287	5	81.904761904762	12613.333333333
SPRING_UPDATE_SCROLL	80.397912626287	5	false	false	false	idle	0	0	0
SPRING_UPDATE_MOTION	80.397912626287	14.009906536776	81.904761904762	true	5
SPRING_UPDATE_RESULT	80.397912626287	80.605770206678	12.291482930419	true	5
SPRING_REALIGN	80.605770206678	5	81.904761904762	12613.333333333
SPRING_UPDATE_SCROLL	80.605770206678	5	false	false	false	idle	0	0	0
SPRING_UPDATE_MOTION	80.605770206678	12.291482930419	81.904761904762	true	5
SPRING_UPDATE_RESULT	80.605770206678	80.783190999018	10.758578405297	true	5
SPRING_REALIGN	80.783190999018	5	81.904761904762	12613.333333333
SPRING_UPDATE_SCROLL	80.783190999018	5	false	false	false	idle	0	0	0
SPRING_UPDATE_MOTION	80.783190999018	10.758578405297	81.904761904762	true	5
SPRING_UPDATE_RESULT	80.783190999018	80.938618613293	9.3662125568656	true	5
SPRING_REALIGN	80.938618613293	5	81.904761904762	12613.333333333
SPRING_UPDATE_SCROLL	80.938618613293	5	false	false	false	idle	0	0	0
SPRING_UPDATE_MOTION	80.938618613293	9.3662125568656	81.904761904762	true	5
SPRING_UPDATE_RESULT	80.938618613293	81.075805411105	8.1004025680359	true	5
SPRING_REALIGN	81.075805411105	5	81.904761904762	12613.333333333
SPRING_UPDATE_SCROLL	81.075805411105	5	false	false	false	idle	0	0	0
SPRING_UPDATE_MOTION	81.075805411105	8.1004025680359	81.904761904762	true	5
SPRING_UPDATE_RESULT	81.075805411105	81.190471685976	7.0279284418175	true	5
SPRING_REALIGN	81.190471685976	5	81.904761904762	12613.333333333
SPRING_UPDATE_SCROLL	81.190471685976	5	false	false	false	idle	0	0	0
SPRING_UPDATE_MOTION	81.190471685976	7.0279284418175	81.904761904762	true	5
SPRING_UPDATE_RESULT	81.190471685976	81.288493685092	6.0982088426731	true	5
SPRING_REALIGN	81.288493685092	5	81.904761904762	12613.333333333
SPRING_UPDATE_SCROLL	81.288493685092	5	false	false	false	idle	0	0	0
SPRING_UPDATE_MOTION	81.288493685092	6.0982088426731	81.904761904762	true	5
SPRING_UPDATE_RESULT	81.288493685092	81.381316452252	5.1902107536168	true	5
SPRING_REALIGN	81.381316452252	5	81.904761904762	12613.333333333
SPRING_UPDATE_SCROLL	81.381316452252	5	false	false	false	pressed	0	0	0
SPRING_STOP_MOTION	81.381316452252	5.1902107536168	81.904761904762	5
SPRING_PRESS	1058	481	81.381316452252
SPRING_UPDATE_MOTION	81.381316452252	0	81.904761904762	false	5
SPRING_START_SNAP	81.381316452252	81.904761904762	81.904761904762
SPRING_UPDATE_RESULT	81.381316452252	81.381316452252	0	true	5
BUTTON_PRESS	4068	881.33333333333	419.47582640489	372	75.238095238095
SPRING_UPDATE_SCROLL	81.381316452252	5	false	true	false	held	0	0	0
SPRING_DRAG_PENDING	1058	481	1058	481	0
SPRING_UPDATE_MOTION	81.381316452252	0	81.904761904762	true	5
SPRING_UPDATE_RESULT	81.381316452252	81.406038487469	1.4612340984186	true	5
SPRING_REALIGN	81.406038487469	5	81.904761904762	12613.333333333
SPRING_SCROLL_TO	5	81.406038487469	81.904761904762	0.49872341729281	2002.9923405038
SPRING_UPDATE_SCROLL	81.406038487469	5	false	true	false	held	0	0	0
SPRING_DRAG_PENDING	1058	481	1058	481	0
SPRING_UPDATE_MOTION	81.406038487469	2002.9923405038	81.904761904762	true	5
SPRING_UPDATE_RESULT	81.406038487469	100.84826479876	1177.6458448695	true	5
SPRING_REALIGN	100.84826479876	5	81.904761904762	12613.333333333
SPRING_UPDATE_SCROLL	100.84826479876	5	false	true	false	held	0	0	0
SPRING_DRAG_PENDING	1058	481	1058	481	0
SPRING_UPDATE_MOTION	100.84826479876	1177.6458448695	81.904761904762	true	5
SPRING_UPDATE_RESULT	100.84826479876	111.34965787216	657.49178703874	true	5
SPRING_REALIGN	111.34965787216	5	81.904761904762	12613.333333333
SPRING_UPDATE_SCROLL	111.34965787216	5	false	true	false	held	0	0	0
SPRING_DRAG_PENDING	1058	481	1058	481	0
SPRING_UPDATE_MOTION	111.34965787216	657.49178703874	81.904761904762	true	5
SPRING_UPDATE_RESULT	111.34965787216	108.75056955244	-75.510552516247	true	5
SPRING_REALIGN	108.75056955244	5	81.904761904762	12613.333333333
SPRING_UPDATE_SCROLL	108.75056955244	5	false	true	false	released	0	0	0
SPRING_DRAG_RELEASE	false	0	108.75056955244	-75.510552516247
SPRING_UPDATE_MOTION	108.75056955244	-75.510552516247	81.904761904762	true	5
SPRING_UPDATE_RESULT	108.75056955244	106.88565891864	-116.27712278591	true	5
SPRING_REALIGN	106.88565891864	5	81.904761904762	12613.333333333
BUTTON_RELEASE	true	nil	4073
SPRING_UPDATE_SCROLL	106.88565891864	5	false	false	false	idle	0	0	0
SPRING_UPDATE_MOTION	106.88565891864	-116.27712278591	81.904761904762	true	5
SPRING_UPDATE_RESULT	106.88565891864	104.58042431286	-136.75642071478	true	5
SPRING_REALIGN	104.58042431286	5	81.904761904762	12613.333333333
SPRING_UPDATE_SCROLL	104.58042431286	5	false	false	false	idle	0	0	0
SPRING_UPDATE_MOTION	104.58042431286	-136.75642071478	81.904761904762	true	5
SPRING_UPDATE_RESULT	104.58042431286	102.19451506669	-142.16988613917	true	5
SPRING_REALIGN	102.19451506669	5	81.904761904762	12613.333333333
SPRING_UPDATE_SCROLL	102.19451506669	5	false	false	false	idle	0	0	0
SPRING_UPDATE_MOTION	102.19451506669	-142.16988613917	81.904761904762	true	5
SPRING_UPDATE_RESULT	102.19451506669	99.93463556214	-138.80897420515	true	5
SPRING_REALIGN	99.93463556214	5	81.904761904762	12613.333333333
SPRING_UPDATE_SCROLL	99.93463556214	5	false	false	false	idle	0	0	0
SPRING_UPDATE_MOTION	99.93463556214	-138.80897420515	81.904761904762	true	5
SPRING_UPDATE_RESULT	99.93463556214	97.762106415032	-130.56770781518	true	5
SPRING_REALIGN	97.762106415032	5	81.904761904762	12613.333333333
SPRING_UPDATE_SCROLL	97.762106415032	5	false	false	false	idle	0	0	0
SPRING_UPDATE_MOTION	97.762106415032	-130.56770781518	81.904761904762	true	5
SPRING_UPDATE_RESULT	97.762106415032	95.708908670821	-119.43237243321	true	5
SPRING_REALIGN	95.708908670821	5	81.904761904762	12613.333333333
SPRING_UPDATE_SCROLL	95.708908670821	5	false	false	false	idle	0	0	0
SPRING_UPDATE_MOTION	95.708908670821	-119.43237243321	81.904761904762	true	5
SPRING_UPDATE_RESULT	95.708908670821	93.916955440592	-107.64421398622	true	5
SPRING_REALIGN	93.916955440592	5	81.904761904762	12613.333333333
SPRING_UPDATE_SCROLL	93.916955440592	5	false	false	false	idle	0	0	0
SPRING_UPDATE_MOTION	93.916955440592	-107.64421398622	81.904761904762	true	5
SPRING_UPDATE_RESULT	93.916955440592	92.329354727349	-95.906094301752	true	5
SPRING_REALIGN	92.329354727349	5	81.904761904762	12613.333333333
SPRING_UPDATE_SCROLL	92.329354727349	5	false	false	false	idle	0	0	0
SPRING_UPDATE_MOTION	92.329354727349	-95.906094301752	81.904761904762	true	5
SPRING_UPDATE_RESULT	92.329354727349	90.919776015892	-84.618724424166	true	5
SPRING_REALIGN	90.919776015892	5	81.904761904762	12613.333333333
SPRING_UPDATE_SCROLL	90.919776015892	5	false	false	false	idle	0	0	0
SPRING_UPDATE_MOTION	90.919776015892	-84.618724424166	81.904761904762	true	5
SPRING_UPDATE_RESULT	90.919776015892	89.695508902891	-74.266421976638	true	5
SPRING_REALIGN	89.695508902891	5	81.904761904762	12613.333333333
SPRING_UPDATE_SCROLL	89.695508902891	5	false	false	false	idle	0	0	0
SPRING_UPDATE_MOTION	89.695508902891	-74.266421976638	81.904761904762	true	5
SPRING_UPDATE_RESULT	89.695508902891	88.61663950882	-64.749127915747	true	5
SPRING_REALIGN	88.61663950882	5	81.904761904762	12613.333333333
SPRING_UPDATE_SCROLL	88.61663950882	5	false	false	false	idle	0	0	-1
SPRING_UPDATE_MOTION	88.61663950882	-64.749127915747	81.904761904762	true	5
SPRING_UPDATE_RESULT	88.61663950882	87.664670027706	-56.068455247715	true	5
SPRING_REALIGN	87.664670027706	5	81.904761904762	12613.333333333
SPRING_UPDATE_SCROLL	87.664670027706	5	false	false	false	idle	0	0	0
SPRING_UPDATE_MOTION	87.664670027706	-56.068455247715	81.904761904762	true	5
SPRING_UPDATE_RESULT	87.664670027706	86.865657409526	-48.657086721517	true	5
SPRING_REALIGN	86.865657409526	5	81.904761904762	12613.333333333
SPRING_UPDATE_SCROLL	86.865657409526	5	false	false	false	idle	0	0	0
SPRING_UPDATE_MOTION	86.865657409526	-48.657086721517	81.904761904762	true	5
SPRING_UPDATE_RESULT	86.865657409526	86.169380533053	-42.072381429829	true	5
SPRING_REALIGN	86.169380533053	5	81.904761904762	12613.333333333
SPRING_UPDATE_SCROLL	86.169380533053	5	false	false	false	idle	0	0	0
SPRING_UPDATE_MOTION	86.169380533053	-42.072381429829	81.904761904762	true	5
SPRING_UPDATE_RESULT	86.169380533053	85.564064511248	-36.260581771635	true	5
SPRING_REALIGN	85.564064511248	5	81.904761904762	12613.333333333
SPRING_UPDATE_SCROLL	85.564064511248	5	false	false	false	idle	0	0	-1
SPRING_UPDATE_MOTION	85.564064511248	-36.260581771635	81.904761904762	true	5
SPRING_UPDATE_RESULT	85.564064511248	85.044162895563	-31.219134687134	true	5
SPRING_REALIGN	85.044162895563	5	81.904761904762	12613.333333333
SPRING_UPDATE_SCROLL	85.044162895563	5	false	false	false	idle	0	0	-2
SPRING_UPDATE_MOTION	85.044162895563	-31.219134687134	81.904761904762	true	5
SPRING_UPDATE_RESULT	85.044162895563	84.296859859647	-22.502214256944	true	5
SPRING_REALIGN	84.296859859647	5	81.904761904762	12613.333333333
SPRING_UPDATE_SCROLL	84.296859859647	5	false	false	false	idle	0	0	0
SPRING_UPDATE_MOTION	84.296859859647	-22.502214256944	81.904761904762	true	5
SPRING_UPDATE_RESULT	84.296859859647	83.977883268776	-19.797700497188	true	5
SPRING_REALIGN	83.977883268776	5	81.904761904762	12613.333333333
SPRING_UPDATE_SCROLL	83.977883268776	5	false	false	false	idle	0	0	-1
SPRING_UPDATE_MOTION	83.977883268776	-19.797700497188	81.904761904762	true	5
SPRING_UPDATE_RESULT	83.977883268776	83.673868790648	-17.075915575347	true	5
SPRING_REALIGN	83.673868790648	5	81.904761904762	12613.333333333
SPRING_UPDATE_SCROLL	83.673868790648	5	false	false	false	idle	0	0	0
SPRING_UPDATE_MOTION	83.673868790648	-17.075915575347	81.904761904762	true	5
SPRING_UPDATE_RESULT	83.673868790648	83.42985896316	-14.859077525192	true	5
SPRING_REALIGN	83.42985896316	5	81.904761904762	12613.333333333
SPRING_UPDATE_SCROLL	83.42985896316	5	false	false	false	idle	0	0	0
SPRING_UPDATE_MOTION	83.42985896316	-14.859077525192	81.904761904762	true	5
SPRING_UPDATE_RESULT	83.42985896316	83.217133982906	-12.879855429171	true	5
SPRING_REALIGN	83.217133982906	5	81.904761904762	12613.333333333
SPRING_UPDATE_SCROLL	83.217133982906	5	false	false	false	idle	0	0	-1
SPRING_UPDATE_MOTION	83.217133982906	-12.879855429171	81.904761904762	true	5
SPRING_UPDATE_RESULT	83.217133982906	83.03919016296	-11.205177415447	true	5
SPRING_REALIGN	83.03919016296	5	81.904761904762	12613.333333333
SPRING_UPDATE_SCROLL	83.03919016296	5	false	false	false	idle	0	0	-2
SPRING_UPDATE_MOTION	83.03919016296	-11.205177415447	81.904761904762	true	5
SPRING_UPDATE_RESULT	83.03919016296	82.764601020169	-8.0246284237107	true	5
SPRING_REALIGN	82.764601020169	5	81.904761904762	12613.333333333
SPRING_UPDATE_SCROLL	82.764601020169	5	false	false	false	idle	0	-1	-11
SPRING_UPDATE_MOTION	82.764601020169	-8.0246284237107	81.904761904762	true	5
SPRING_UPDATE_RESULT	82.764601020169	82.562226679451	-6.0643229576845	true	5
SPRING_REALIGN	82.562226679451	5	81.904761904762	12613.333333333
SPRING_UPDATE_SCROLL	82.562226679451	5	false	false	false	idle	0	0	-12
SPRING_UPDATE_MOTION	82.562226679451	-6.0643229576845	81.904761904762	true	5
SPRING_UPDATE_RESULT	82.562226679451	82.473698208479	-5.3508012119949	true	5
SPRING_REALIGN	82.473698208479	5	81.904761904762	12613.333333333
SPRING_UPDATE_SCROLL	82.473698208479	5	false	false	false	idle	0	-1	-16
SPRING_UPDATE_MOTION	82.473698208479	-5.3508012119949	81.904761904762	true	5
SPRING_UPDATE_RESULT	82.473698208479	82.396780093545	-4.6975476474263	true	5
SPRING_REALIGN	82.396780093545	5	81.904761904762	12613.333333333
SPRING_UPDATE_SCROLL	82.396780093545	5	false	false	false	idle	0	-1	-20
SPRING_UPDATE_MOTION	82.396780093545	-4.6975476474263	81.904761904762	true	5
SPRING_UPDATE_RESULT	82.396780093545	82.327118224953	-4.0782533292076	true	5
SPRING_REALIGN	82.327118224953	5	81.904761904762	12613.333333333
SPRING_UPDATE_SCROLL	82.327118224953	5	false	false	false	idle	0	0	-30
SPRING_UPDATE_MOTION	82.327118224953	-4.0782533292076	81.904761904762	true	5
SPRING_UPDATE_RESULT	82.327118224953	82.268350861543	-3.5430413168775	true	5
SPRING_REALIGN	82.268350861543	5	81.904761904762	12613.333333333
SPRING_UPDATE_SCROLL	82.268350861543	5	false	false	false	idle	0	0	-38
SPRING_UPDATE_MOTION	82.268350861543	-3.5430413168775	81.904761904762	true	5
SPRING_UPDATE_RESULT	82.268350861543	82.18125833125	-2.5770299266579	true	5
SPRING_REALIGN	82.18125833125	5	81.904761904762	12613.333333333
SPRING_UPDATE_SCROLL	82.18125833125	5	false	false	false	idle	0	2	-29
SPRING_UPDATE_MOTION	82.18125833125	-2.5770299266579	81.904761904762	true	5
SPRING_UPDATE_RESULT	82.18125833125	82.116763913631	-1.9574904808777	true	5
SPRING_REALIGN	82.116763913631	5	81.904761904762	12613.333333333
SPRING_UPDATE_SCROLL	82.116763913631	5	false	false	false	idle	0	1	-8
SPRING_UPDATE_MOTION	82.116763913631	-1.9574904808777	81.904761904762	true	5
SPRING_UPDATE_RESULT	82.116763913631	82.087626676497	-1.7212247689977	true	5
SPRING_REALIGN	82.087626676497	5	81.904761904762	12613.333333333
SPRING_UPDATE_SCROLL	82.087626676497	5	false	false	false	idle	0	0	-8
SPRING_UPDATE_MOTION	82.087626676497	-1.7212247689977	81.904761904762	true	5
SPRING_UPDATE_RESULT	82.087626676497	82.063211662684	-1.5138559008767	true	5
SPRING_REALIGN	82.063211662684	5	81.904761904762	12613.333333333
SPRING_UPDATE_SCROLL	82.063211662684	5	false	false	false	idle	0	1	-4
SPRING_UPDATE_MOTION	82.063211662684	-1.5138559008767	81.904761904762	true	5
SPRING_UPDATE_RESULT	82.063211662684	82.041133845044	-1.3178033031864	true	5
SPRING_REALIGN	82.041133845044	5	81.904761904762	12613.333333333
SPRING_UPDATE_SCROLL	82.041133845044	5	false	false	false	idle	0	0	-3
SPRING_UPDATE_MOTION	82.041133845044	-1.3178033031864	81.904761904762	true	5
SPRING_UPDATE_RESULT	82.041133845044	82.021648643737	-1.1391656907614	true	5
SPRING_REALIGN	82.021648643737	5	81.904761904762	12613.333333333
SPRING_UPDATE_SCROLL	82.021648643737	5	false	false	false	idle	0	0	-1
SPRING_UPDATE_MOTION	82.021648643737	-1.1391656907614	81.904761904762	true	5
SPRING_UPDATE_RESULT	82.021648643737	81.99366497312	-0.82876517797879	true	5
SPRING_REALIGN	81.99366497312	5	81.904761904762	12613.333333333
SPRING_UPDATE_SCROLL	81.99366497312	5	false	false	false	idle	0	0	0
SPRING_UPDATE_MOTION	81.99366497312	-0.82876517797879	81.904761904762	true	5
SPRING_UPDATE_RESULT	81.99366497312	81.972845541539	-0.6282816414692	true	5
SPRING_REALIGN	81.972845541539	5	81.904761904762	12613.333333333
SPRING_UPDATE_SCROLL	81.972845541539	5	false	false	false	idle	0	0	0
SPRING_UPDATE_MOTION	81.972845541539	-0.6282816414692	81.904761904762	true	5
SPRING_UPDATE_RESULT	81.972845541539	81.964024437881	-0.55750378624347	true	5
SPRING_REALIGN	81.964024437881	5	81.904761904762	12613.333333333
SPRING_UPDATE_SCROLL	81.964024437881	5	false	false	false	idle	0	0	0
SPRING_UPDATE_MOTION	81.964024437881	-0.55750378624347	81.904761904762	true	5
SPRING_UPDATE_RESULT	81.964024437881	81.95581700437	-0.48747570829929	true	5
SPRING_REALIGN	81.95581700437	5	81.904761904762	12613.333333333
SPRING_UPDATE_SCROLL	81.95581700437	5	false	false	false	idle	0	1	0
SPRING_UPDATE_MOTION	81.95581700437	-0.48747570829929	81.904761904762	true	5
SPRING_UPDATE_RESULT	81.95581700437	81.948779268817	-0.42519457420363	true	5
SPRING_REALIGN	81.948779268817	5	81.904761904762	12613.333333333
SPRING_UPDATE_SCROLL	81.948779268817	5	false	false	false	idle	0	0	0
SPRING_UPDATE_MOTION	81.948779268817	-0.42519457420363	81.904761904762	true	5
SPRING_UPDATE_RESULT	81.948779268817	81.942867023333	-0.3716289825625	true	5
SPRING_REALIGN	81.942867023333	5	81.904761904762	12613.333333333
SPRING_UPDATE_SCROLL	81.942867023333	5	false	false	false	pressed	0	0	0
SPRING_STOP_MOTION	81.942867023333	-0.3716289825625	81.904761904762	5
SPRING_PRESS	1060	293	81.942867023333
SPRING_UPDATE_MOTION	81.942867023333	0	81.904761904762	false	5
SPRING_START_SNAP	81.942867023333	81.904761904762	81.904761904762
SPRING_UPDATE_RESULT	81.942867023333	81.942867023333	0	true	5
SPRING_REALIGN	81.942867023333	5	81.904761904762	12613.333333333
SPRING_SCROLL_TO	5	81.942867023333	81.904761904762	-0.038105118571451	-2000.2286307114
BUTTON_PRESS	4054	881.33333333333	255.10475202429	372	75.238095238095
SPRING_UPDATE_SCROLL	81.942867023333	5	false	true	false	held	0	0	0
SPRING_DRAG_PENDING	1060	293	1060	293	0
SPRING_UPDATE_MOTION	81.942867023333	-2000.2286307114	81.904761904762	true	5
SPRING_UPDATE_RESULT	81.942867023333	70.601043550025	-341.97758728403	true	5
SPRING_REALIGN	70.601043550025	5	81.904761904762	12613.333333333
SPRING_UPDATE_SCROLL	70.601043550025	5	false	true	false	held	0	0	0
SPRING_DRAG_PENDING	1060	293	1060	293	0
SPRING_UPDATE_MOTION	70.601043550025	-341.97758728403	81.904761904762	true	5
SPRING_UPDATE_RESULT	70.601043550025	67.793843240054	-169.79273759732	true	5
SPRING_REALIGN	67.793843240054	5	81.904761904762	12613.333333333
SPRING_UPDATE_SCROLL	67.793843240054	5	false	true	false	held	0	0	0
SPRING_DRAG_PENDING	1060	293	1060	293	0
SPRING_UPDATE_MOTION	67.793843240054	-169.79273759732	81.904761904762	true	5
SPRING_UPDATE_RESULT	67.793843240054	66.801883432037	-58.683346033849	true	5
SPRING_REALIGN	66.801883432037	5	81.904761904762	12613.333333333
SPRING_UPDATE_SCROLL	66.801883432037	5	false	true	false	released	0	0	0
SPRING_DRAG_RELEASE	false	0	66.801883432037	-58.683346033849
SPRING_UPDATE_MOTION	66.801883432037	-58.683346033849	81.904761904762	true	5
SPRING_UPDATE_RESULT	66.801883432037	66.870064183685	4.286668698375	true	5
SPRING_REALIGN	66.870064183685	5	81.904761904762	12613.333333333
BUTTON_RELEASE	true	4054	4054
ACTION_SELECT_BEATMAP	4	false
ACTION_SELECT_SCROLL_TO	4	4
Full Rebuild in: 25.000000 ms
SPRING_REALIGN	66.870064183685	4	81.904761904762	12613.333333333
SPRING_SCROLL_TO	4	66.870064183685	5.6843418860808e-14	-66.870064183685	-2401.2203851021
SPRING_UPDATE_SCROLL	66.870064183685	4	false	false	false	idle	0	0	1
SPRING_UPDATE_MOTION	66.870064183685	-2401.2203851021	5.6843418860808e-14	true	4
SPRING_UPDATE_RESULT	66.870064183685	69.301417521691	48.627066760128	true	4
SPRING_REALIGN	69.301417521691	4	5.6843418860808e-14	12613.333333333
SPRING_UPDATE_SCROLL	69.301417521691	4	false	false	false	idle	0	0	0
SPRING_UPDATE_MOTION	69.301417521691	48.627066760128	5.6843418860808e-14	true	4
SPRING_UPDATE_RESULT	69.301417521691	56.797017307162	-374.15471432205	true	4
SPRING_REALIGN	56.797017307162	4	5.6843418860808e-14	12613.333333333
SPRING_UPDATE_SCROLL	56.797017307162	4	false	false	false	idle	0	0	0
SPRING_UPDATE_MOTION	56.797017307162	-374.15471432205	5.6843418860808e-14	true	4
SPRING_UPDATE_RESULT	56.797017307162	50.576016751311	-374.44778171469	true	4
SPRING_REALIGN	50.576016751311	4	5.6843418860808e-14	12613.333333333
SPRING_UPDATE_SCROLL	50.576016751311	4	false	false	false	idle	0	0	0
SPRING_UPDATE_MOTION	50.576016751311	-374.44778171469	5.6843418860808e-14	true	4
SPRING_UPDATE_RESULT	50.576016751311	44.668855386827	-357.66512054954	true	4
SPRING_REALIGN	44.668855386827	4	5.6843418860808e-14	12613.333333333
SPRING_UPDATE_SCROLL	44.668855386827	4	false	false	false	idle	0	0	0
SPRING_UPDATE_MOTION	44.668855386827	-357.66512054954	5.6843418860808e-14	true	4
SPRING_UPDATE_RESULT	44.668855386827	39.104653278726	-331.27349361176	true	4
SPRING_REALIGN	39.104653278726	4	5.6843418860808e-14	12613.333333333
SPRING_UPDATE_SCROLL	39.104653278726	4	false	false	false	idle	0	0	0
SPRING_UPDATE_MOTION	39.104653278726	-331.27349361176	5.6843418860808e-14	true	4
SPRING_UPDATE_RESULT	39.104653278726	33.987843555047	-300.07622252789	true	4
SPRING_REALIGN	33.987843555047	4	5.6843418860808e-14	12613.333333333
SPRING_UPDATE_SCROLL	33.987843555047	4	false	false	false	idle	0	0	0
SPRING_UPDATE_MOTION	33.987843555047	-300.07622252789	5.6843418860808e-14	true	4
SPRING_UPDATE_RESULT	33.987843555047	23.718810870189	-205.38065369717	true	4
SPRING_REALIGN	23.718810870189	4	5.6843418860808e-14	12613.333333333
SPRING_UPDATE_SCROLL	23.718810870189	4	false	false	false	idle	0	0	0
SPRING_UPDATE_MOTION	23.718810870189	-205.38065369717	5.6843418860808e-14	true	4
SPRING_UPDATE_RESULT	23.718810870189	20.711430459513	-185.59723093814	true	4
SPRING_REALIGN	20.711430459513	4	5.6843418860808e-14	12613.333333333
SPRING_UPDATE_SCROLL	20.711430459513	4	false	false	false	idle	0	0	0
SPRING_UPDATE_MOTION	20.711430459513	-185.59723093814	5.6843418860808e-14	true	4
SPRING_UPDATE_RESULT	20.711430459513	17.871912162129	-164.49341899554	true	4
SPRING_REALIGN	17.871912162129	4	5.6843418860808e-14	12613.333333333
SPRING_UPDATE_SCROLL	17.871912162129	4	false	false	false	idle	0	0	0
SPRING_UPDATE_MOTION	17.871912162129	-164.49341899554	5.6843418860808e-14	true	4
SPRING_UPDATE_RESULT	17.871912162129	15.411217166585	-144.70931026935	true	4
SPRING_REALIGN	15.411217166585	4	5.6843418860808e-14	12613.333333333
SPRING_UPDATE_SCROLL	15.411217166585	4	false	false	false	idle	0	0	0
SPRING_UPDATE_MOTION	15.411217166585	-144.70931026935	5.6843418860808e-14	true	4
SPRING_UPDATE_RESULT	15.411217166585	13.260242439123	-126.42083925743	true	4
SPRING_REALIGN	13.260242439123	4	5.6843418860808e-14	12613.333333333
SPRING_UPDATE_SCROLL	13.260242439123	4	false	false	false	idle	0	0	0
SPRING_UPDATE_MOTION	13.260242439123	-126.42083925743	5.6843418860808e-14	true	4
SPRING_UPDATE_RESULT	13.260242439123	11.46861753918	-110.6767956278	true	4
SPRING_REALIGN	11.46861753918	4	5.6843418860808e-14	12613.333333333
SPRING_UPDATE_SCROLL	11.46861753918	4	false	false	false	idle	0	0	0
SPRING_UPDATE_MOTION	11.46861753918	-110.6767956278	5.6843418860808e-14	true	4
SPRING_UPDATE_RESULT	11.46861753918	9.8611616916716	-96.038036737925	true	4
SPRING_REALIGN	9.8611616916716	4	5.6843418860808e-14	12613.333333333
SPRING_UPDATE_SCROLL	9.8611616916716	4	false	false	false	idle	0	0	0
SPRING_UPDATE_MOTION	9.8611616916716	-96.038036737925	5.6843418860808e-14	true	4
SPRING_UPDATE_RESULT	9.8611616916716	8.5040260863853	-83.453383016218	true	4
SPRING_REALIGN	8.5040260863853	4	5.6843418860808e-14	12613.333333333
SPRING_UPDATE_SCROLL	8.5040260863853	4	false	false	false	idle	0	0	0
SPRING_UPDATE_MOTION	8.5040260863853	-83.453383016218	5.6843418860808e-14	true	4
SPRING_UPDATE_RESULT	8.5040260863853	7.3302628434383	-72.37365924165	true	4
SPRING_REALIGN	7.3302628434383	4	5.6843418860808e-14	12613.333333333
SPRING_UPDATE_SCROLL	7.3302628434383	4	false	false	false	idle	0	0	0
SPRING_UPDATE_MOTION	7.3302628434383	-72.37365924165	5.6843418860808e-14	true	4
SPRING_UPDATE_RESULT	7.3302628434383	6.2416547480742	-61.808834371269	true	4
SPRING_REALIGN	6.2416547480742	4	5.6843418860808e-14	12613.333333333
SPRING_UPDATE_SCROLL	6.2416547480742	4	false	false	false	idle	0	0	0
SPRING_UPDATE_MOTION	6.2416547480742	-61.808834371269	5.6843418860808e-14	true	4
SPRING_UPDATE_RESULT	6.2416547480742	4.7765217708415	-45.047610148558	true	4
SPRING_REALIGN	4.7765217708415	4	5.6843418860808e-14	12613.333333333
SPRING_UPDATE_SCROLL	4.7765217708415	4	false	false	false	idle	0	0	0
SPRING_UPDATE_MOTION	4.7765217708415	-45.047610148558	5.6843418860808e-14	true	4
SPRING_UPDATE_RESULT	4.7765217708415	4.0991045417014	-39.206469952895	true	4
SPRING_REALIGN	4.0991045417014	4	5.6843418860808e-14	12613.333333333
SPRING_UPDATE_SCROLL	4.0991045417014	4	false	false	false	idle	0	0	0
SPRING_UPDATE_MOTION	4.0991045417014	-39.206469952895	5.6843418860808e-14	true	4
SPRING_UPDATE_RESULT	4.0991045417014	3.5368751646535	-34.21405959142	true	4
SPRING_REALIGN	3.5368751646535	4	5.6843418860808e-14	12613.333333333
SPRING_UPDATE_SCROLL	3.5368751646535	4	false	false	false	idle	0	0	0
SPRING_UPDATE_MOTION	3.5368751646535	-34.21405959142	5.6843418860808e-14	true	4
SPRING_UPDATE_RESULT	3.5368751646535	3.0395201721836	-29.656362471819	true	4
SPRING_REALIGN	3.0395201721836	4	5.6843418860808e-14	12613.333333333
SPRING_UPDATE_SCROLL	3.0395201721836	4	false	false	false	idle	0	0	0
SPRING_UPDATE_MOTION	3.0395201721836	-29.656362471819	5.6843418860808e-14	true	4
SPRING_UPDATE_RESULT	3.0395201721836	2.6149086110357	-25.691681661015	true	4
SPRING_REALIGN	2.6149086110357	4	5.6843418860808e-14	12613.333333333
SPRING_UPDATE_SCROLL	2.6149086110357	4	false	false	false	idle	0	0	0
SPRING_UPDATE_MOTION	2.6149086110357	-25.691681661015	5.6843418860808e-14	true	4
SPRING_UPDATE_RESULT	2.6149086110357	2.2458453508498	-22.184215251339	true	4
SPRING_REALIGN	2.2458453508498	4	5.6843418860808e-14	12613.333333333
SPRING_UPDATE_SCROLL	2.2458453508498	4	false	false	false	pressed	0	0	0
SPRING_STOP_MOTION	2.2458453508498	-22.184215251339	5.6843418860808e-14	4
SPRING_PRESS	1060	294	2.2458453508498
SPRING_UPDATE_MOTION	2.2458453508498	0	5.6843418860808e-14	false	4
SPRING_START_SNAP	2.2458453508498	0	81.904761904762
SPRING_UPDATE_RESULT	2.2458453508498	2.2458453508498	0	true	4
SPRING_REALIGN	2.2458453508498	4	0	12613.333333333
SPRING_SCROLL_TO	4	2.2458453508498	5.6843418860808e-14	-2.2458453508497	-2013.4750721051
BUTTON_PRESS	4288	881.33333333333	252.89701179201	372	75.238095238095
SPRING_UPDATE_SCROLL	2.2458453508498	4	false	true	false	held	0	0	0
SPRING_DRAG_PENDING	1060	294	1060	294	0
SPRING_UPDATE_MOTION	2.2458453508498	-2013.4750721051	5.6843418860808e-14	true	4
SPRING_UPDATE_RESULT	2.2458453508498	-17.148188650365	-1217.6216427388	true	4
SPRING_REALIGN	-17.148188650365	4	5.6843418860808e-14	12613.333333333
SPRING_UPDATE_SCROLL	-17.148188650365	4	false	true	false	held	0	0	0
SPRING_DRAG_PENDING	1060	294	1060	294	0
SPRING_UPDATE_MOTION	-17.148188650365	-1217.6216427388	5.6843418860808e-14	true	4
SPRING_UPDATE_RESULT	-17.148188650365	-8.535236920735	252.40454493752	true	4
SPRING_REALIGN	-8.535236920735	4	5.6843418860808e-14	12613.333333333
SPRING_UPDATE_SCROLL	-8.535236920735	4	false	true	false	held	0	0	0
SPRING_DRAG_PENDING	1060	294	1060	294	0
SPRING_UPDATE_MOTION	-8.535236920735	252.40454493752	5.6843418860808e-14	true	4
SPRING_UPDATE_RESULT	-8.535236920735	-6.0182326426421	153.64825646414	true	4
SPRING_REALIGN	-6.0182326426421	4	5.6843418860808e-14	12613.333333333
SPRING_UPDATE_SCROLL	-6.0182326426421	4	false	true	false	held	0	0	0
SPRING_DRAG_PENDING	1060	294	1060	294	0
SPRING_UPDATE_MOTION	-6.0182326426421	153.64825646414	5.6843418860808e-14	true	4
SPRING_UPDATE_RESULT	-6.0182326426421	-4.4228741125659	95.857629638648	true	4
SPRING_REALIGN	-4.4228741125659	4	5.6843418860808e-14	12613.333333333
SPRING_UPDATE_SCROLL	-4.4228741125659	4	false	true	false	held	0	0	0
SPRING_DRAG_PENDING	1060	294	1060	294	0
SPRING_UPDATE_MOTION	-4.4228741125659	95.857629638648	5.6843418860808e-14	true	4
SPRING_UPDATE_RESULT	-4.4228741125659	-3.3781120688828	62.121288592838	true	4
SPRING_REALIGN	-3.3781120688828	4	5.6843418860808e-14	12613.333333333
SPRING_UPDATE_SCROLL	-3.3781120688828	4	false	true	false	released	0	0	0
SPRING_DRAG_RELEASE	false	0	-3.3781120688828	62.121288592838
SPRING_UPDATE_MOTION	-3.3781120688828	62.121288592838	5.6843418860808e-14	true	4
SPRING_UPDATE_RESULT	-3.3781120688828	-2.6659000855705	42.303172584314	true	4
SPRING_REALIGN	-2.6659000855705	4	5.6843418860808e-14	12613.333333333
BUTTON_RELEASE	true	4288	4288
ACTION_SELECT_BEATMAP	3	false
ACTION_SELECT_SCROLL_TO	3	3
Full Rebuild in: 1.000000 ms
SPRING_REALIGN	-2.6659000855705	3	5.6843418860808e-14	12613.333333333
SPRING_SCROLL_TO	3	-2.6659000855705	0	2.6659000855705	2015.9954005134
SPRING_UPDATE_SCROLL	-2.6659000855705	3	false	false	false	idle	0	0	0
SPRING_UPDATE_MOTION	-2.6659000855705	2015.9954005134	0	true	3
SPRING_UPDATE_RESULT	-2.6659000855705	-6.4968400493542	-114.83323183078	true	3
SPRING_REALIGN	-6.4968400493542	3	0	12613.333333333
SPRING_UPDATE_SCROLL	-6.4968400493542	3	false	false	false	idle	0	0	0
SPRING_UPDATE_MOTION	-6.4968400493542	-114.83323183078	0	true	3
SPRING_UPDATE_RESULT	-6.4968400493542	-6.9981803879563	-31.480153878168	true	3
SPRING_REALIGN	-6.9981803879563	3	0	12613.333333333
SPRING_UPDATE_SCROLL	-6.9981803879563	3	false	false	false	idle	0	0	0
SPRING_UPDATE_MOTION	-6.9981803879563	-31.480153878168	0	true	3
SPRING_UPDATE_RESULT	-6.9981803879563	-4.9722654373897	59.700217787242	true	3
SPRING_REALIGN	-4.9722654373897	3	0	12613.333333333
SPRING_UPDATE_SCROLL	-4.9722654373897	3	false	false	false	idle	0	0	0
SPRING_UPDATE_MOTION	-4.9722654373897	59.700217787242	0	true	3
SPRING_UPDATE_RESULT	-4.9722654373897	-4.1724195205274	47.668326451619	true	3
SPRING_REALIGN	-4.1724195205274	3	0	12613.333333333
SPRING_UPDATE_SCROLL	-4.1724195205274	3	false	false	false	idle	0	0	0
SPRING_UPDATE_MOTION	-4.1724195205274	47.668326451619	0	true	3
SPRING_UPDATE_RESULT	-4.1724195205274	-3.546824414867	39.334224416865	true	3
SPRING_REALIGN	-3.546824414867	3	0	12613.333333333
SPRING_UPDATE_SCROLL	-3.546824414867	3	false	false	false	idle	0	0	0
SPRING_UPDATE_MOTION	-3.546824414867	39.334224416865	0	true	3
SPRING_UPDATE_RESULT	-3.546824414867	-2.9820917652164	32.184733774668	true	3
SPRING_REALIGN	-2.9820917652164	3	0	12613.333333333
SPRING_UPDATE_SCROLL	-2.9820917652164	3	false	false	false	idle	0	0	0
SPRING_UPDATE_MOTION	-2.9820917652164	32.184733774668	0	true	3
SPRING_UPDATE_RESULT	-2.9820917652164	-2.5384940985549	27.027708217508	true	3
SPRING_REALIGN	-2.5384940985549	3	0	12613.333333333
SPRING_UPDATE_SCROLL	-2.5384940985549	3	false	false	false	idle	0	0	0
SPRING_UPDATE_MOTION	-2.5384940985549	27.027708217508	0	true	3
SPRING_UPDATE_RESULT	-2.5384940985549	-1.8262476529563	14.248576547569	true	3
SPRING_REALIGN	-1.8262476529563	3	0	12613.333333333
SPRING_UPDATE_SCROLL	-1.8262476529563	3	false	false	false	idle	0	0	0
SPRING_UPDATE_MOTION	-1.8262476529563	14.248576547569	0	true	3
SPRING_UPDATE_RESULT	-1.8262476529563	-1.373002814538	13.662899745528	true	3
SPRING_REALIGN	-1.373002814538	3	0	12613.333333333
SPRING_UPDATE_SCROLL	-1.373002814538	3	false	false	false	idle	0	0	0
SPRING_UPDATE_MOTION	-1.373002814538	13.662899745528	0	true	3
SPRING_UPDATE_RESULT	-1.373002814538	-1.171635562864	11.829753771504	true	3
SPRING_REALIGN	-1.171635562864	3	0	12613.333333333
SPRING_UPDATE_SCROLL	-1.171635562864	3	false	false	false	idle	0	0	0
SPRING_UPDATE_MOTION	-1.171635562864	11.829753771504	0	true	3
SPRING_UPDATE_RESULT	-1.171635562864	-1.0022998925681	10.21596022442	true	3
SPRING_REALIGN	-1.0022998925681	3	0	12613.333333333
SPRING_UPDATE_SCROLL	-1.0022998925681	3	false	false	false	idle	0	0	0
SPRING_UPDATE_MOTION	-1.0022998925681	10.21596022442	0	true	3
SPRING_UPDATE_RESULT	-1.0022998925681	-0.8544187235113	8.7577235936021	true	3
SPRING_REALIGN	-0.8544187235113	3	0	12613.333333333
SPRING_UPDATE_SCROLL	-0.8544187235113	3	false	false	false	idle	0	0	0
SPRING_UPDATE_MOTION	-0.8544187235113	8.7577235936021	0	true	3
SPRING_UPDATE_RESULT	-0.8544187235113	-0.7312679346479	7.5276923698728	true	3
SPRING_REALIGN	-0.7312679346479	3	0	12613.333333333
SPRING_UPDATE_SCROLL	-0.7312679346479	3	false	false	false	idle	0	0	0
SPRING_UPDATE_MOTION	-0.7312679346479	7.5276923698728	0	true	3
SPRING_UPDATE_RESULT	-0.7312679346479	-0.62329446220409	6.4297480136604	true	3
SPRING_REALIGN	-0.62329446220409	3	0	12613.333333333
SPRING_UPDATE_SCROLL	-0.62329446220409	3	false	false	false	idle	0	0	0
SPRING_UPDATE_MOTION	-0.62329446220409	6.4297480136604	0	true	3
SPRING_UPDATE_RESULT	-0.62329446220409	-0.53327589736955	5.5126682446716	true	3
SPRING_REALIGN	-0.53327589736955	3	0	12613.333333333
SPRING_UPDATE_SCROLL	-0.53327589736955	3	false	false	false	idle	0	0	0
SPRING_UPDATE_MOTION	-0.53327589736955	5.5126682446716	0	true	3
SPRING_UPDATE_RESULT	-0.53327589736955	-0.45482862992025	4.7054432357606	true	3
SPRING_REALIGN	-0.45482862992025	3	0	12613.333333333
SPRING_UPDATE_SCROLL	-0.45482862992025	3	false	false	false	idle	0	0	0
SPRING_UPDATE_MOTION	-0.45482862992025	4.7054432357606	0	true	3
SPRING_UPDATE_RESULT	-0.45482862992025	-0.34360786604411	3.3165973017763	true	3
SPRING_REALIGN	-0.34360786604411	3	0	12613.333333333
SPRING_UPDATE_SCROLL	-0.34360786604411	3	false	false	false	idle	0	0	0
SPRING_UPDATE_MOTION	-0.34360786604411	3.3165973017763	0	true	3
SPRING_UPDATE_RESULT	-0.34360786604411	-0.29533878634411	2.9262323025343	true	3
SPRING_REALIGN	-0.29533878634411	3	0	12613.333333333
SPRING_UPDATE_SCROLL	-0.29533878634411	3	false	false	false	idle	0	0	0
SPRING_UPDATE_MOTION	-0.29533878634411	2.9262323025343	0	true	3
SPRING_UPDATE_RESULT	-0.29533878634411	-0.25304845220813	2.5485930802228	true	3
SPRING_REALIGN	-0.25304845220813	3	0	12613.333333333
SPRING_UPDATE_SCROLL	-0.25304845220813	3	false	false	false	idle	0	0	0
SPRING_UPDATE_MOTION	-0.25304845220813	2.5485930802228	0	true	3
SPRING_UPDATE_RESULT	-0.25304845220813	-0.21581618603764	2.1954540516123	true	3
SPRING_REALIGN	-0.21581618603764	3	0	12613.333333333
SPRING_UPDATE_SCROLL	-0.21581618603764	3	false	false	false	idle	0	0	0
SPRING_UPDATE_MOTION	-0.21581618603764	2.1954540516123	0	true	3
SPRING_UPDATE_RESULT	-0.21581618603764	-0.18423107065779	1.886388037283	true	3
SPRING_REALIGN	-0.18423107065779	3	0	12613.333333333
SPRING_UPDATE_SCROLL	-0.18423107065779	3	false	false	false	idle	0	0	0
SPRING_UPDATE_MOTION	-0.18423107065779	1.886388037283	0	true	3
SPRING_UPDATE_RESULT	-0.18423107065779	-0.139573376939	1.3536080007878	true	3
SPRING_REALIGN	-0.139573376939	3	0	12613.333333333
SPRING_UPDATE_SCROLL	-0.139573376939	3	false	false	false	pressed	0	0	0
SPRING_STOP_MOTION	-0.139573376939	1.3536080007878	0	3
SPRING_PRESS	1060	294	-0.139573376939
SPRING_UPDATE_MOTION	-0.139573376939	0	0	false	3
SPRING_UPDATE_RESULT	-0.139573376939	-0.13005779687354	0.56457877606625	true	3
SPRING_REALIGN	-0.13005779687354	3	0	12613.333333333
BUTTON_PRESS	4531	881.33333333333	255.27291493973	372	75.238095238095
SPRING_UPDATE_SCROLL	-0.13005779687354	3	false	true	false	held	0	0	0
SPRING_DRAG_PENDING	1060	294	1060	294	0
SPRING_UPDATE_MOTION	-0.13005779687354	0.56457877606625	0	true	3
SPRING_UPDATE_RESULT	-0.13005779687354	-0.11718503983602	0.78121818674329	true	3
SPRING_REALIGN	-0.11718503983602	3	0	12613.333333333
SPRING_UPDATE_SCROLL	-0.11718503983602	3	false	true	false	held	0	0	0
SPRING_DRAG_PENDING	1060	294	1060	294	0
SPRING_UPDATE_MOTION	-0.11718503983602	0.78121818674329	0	true	3
SPRING_UPDATE_RESULT	-0.11718503983602	-0.10303462447062	0.83423231452321	true	3
SPRING_REALIGN	-0.10303462447062	3	0	12613.333333333
SPRING_UPDATE_SCROLL	-0.10303462447062	3	false	true	false	held	0	0	0
SPRING_DRAG_PENDING	1060	294	1060	294	0
SPRING_UPDATE_MOTION	-0.10303462447062	0.83423231452321	0	true	3
SPRING_UPDATE_RESULT	-0.10303462447062	-0.08976780284664	0.80167876969805	true	3
SPRING_REALIGN	-0.08976780284664	3	0	12613.333333333
SPRING_UPDATE_SCROLL	-0.08976780284664	3	false	true	false	held	0	0	0
SPRING_DRAG_PENDING	1060	294	1060	294	0
SPRING_UPDATE_MOTION	-0.08976780284664	0.80167876969805	0	true	3
SPRING_UPDATE_RESULT	-0.08976780284664	-0.077572580591464	0.73333988317143	true	3
SPRING_REALIGN	-0.077572580591464	3	0	12613.333333333
SPRING_UPDATE_SCROLL	-0.077572580591464	3	false	true	false	released	0	0	0
SPRING_DRAG_RELEASE	false	0	-0.077572580591464	0.73333988317143
SPRING_UPDATE_MOTION	-0.077572580591464	0.73333988317143	0	true	3
SPRING_UPDATE_RESULT	-0.077572580591464	-0.058521876471343	0.571758403341	true	3
SPRING_REALIGN	-0.058521876471343	3	0	12613.333333333
BUTTON_RELEASE	true	4531	4531
ACTION_SELECT_BEATMAP	3	true
ACTION_SELECT_SCROLL_TO	3	3
Full Rebuild in: 1.000000 ms
SPRING_REALIGN	-0.058521876471343	3	0	12613.333333333
SPRING_UPDATE_SCROLL	-0.058521876471343	3	false	false	false	idle	0	0	0
SPRING_UPDATE_MOTION	-0.058521876471343	0.571758403341	0	true	3
SPRING_UPDATE_RESULT	-0.058521876471343	-0.050153018726351	0.50070645413111	true	3
SPRING_REALIGN	-0.050153018726351	3	0	12613.333333333
SPRING_UPDATE_SCROLL	-0.050153018726351	3	false	false	false	idle	0	0	0
SPRING_UPDATE_MOTION	-0.050153018726351	0.50070645413111	0	true	3
SPRING_UPDATE_RESULT	-0.050153018726351	-0.042805020954026	0.43307839218276	true	3
SPRING_REALIGN	-0.042805020954026	3	0	12613.333333333
SPRING_UPDATE_SCROLL	-0.042805020954026	3	false	false	false	idle	0	0	0
SPRING_UPDATE_MOTION	-0.042805020954026	0.43307839218276	0	true	3
SPRING_UPDATE_RESULT	-0.042805020954026	-0.036637278037321	0.37394311297004	true	3
SPRING_REALIGN	-0.036637278037321	3	0	12613.333333333
SPRING_UPDATE_SCROLL	-0.036637278037321	3	false	false	false	idle	0	0	0
SPRING_UPDATE_MOTION	-0.036637278037321	0.37394311297004	0	true	3
SPRING_UPDATE_RESULT	-0.036637278037321	-0.031400557193115	0.32240060852465	true	3
SPRING_REALIGN	-0.031400557193115	3	0	12613.333333333
SPRING_UPDATE_SCROLL	-0.031400557193115	3	false	false	false	idle	0	0	0
SPRING_UPDATE_MOTION	-0.031400557193115	0.32240060852465	0	true	3
SPRING_UPDATE_RESULT	-0.031400557193115	-0.023716463571798	0.22915976634928	true	3
SPRING_REALIGN	-0.023716463571798	3	0	12613.333333333
SPRING_UPDATE_SCROLL	-0.023716463571798	3	false	false	false	idle	0	0	0
SPRING_UPDATE_MOTION	-0.023716463571798	0.22915976634928	0	true	3
SPRING_UPDATE_RESULT	-0.023716463571798	-0.020353756630683	0.20181408087159	true	3
SPRING_REALIGN	-0.020353756630683	3	0	12613.333333333
SPRING_UPDATE_SCROLL	-0.020353756630683	3	false	false	false	idle	0	0	0
SPRING_UPDATE_MOTION	-0.020353756630683	0.20181408087159	0	true	3
SPRING_UPDATE_RESULT	-0.020353756630683	-0.017435195479615	0.17567935659229	true	3
SPRING_REALIGN	-0.017435195479615	3	0	12613.333333333
SPRING_UPDATE_SCROLL	-0.017435195479615	3	false	false	false	idle	0	0	0
SPRING_UPDATE_MOTION	-0.017435195479615	0.17567935659229	0	true	3
SPRING_UPDATE_RESULT	-0.017435195479615	-0.014911319964358	0.15177919459587	true	3
SPRING_REALIGN	-0.014911319964358	3	0	12613.333333333
SPRING_UPDATE_SCROLL	-0.014911319964358	3	false	false	false	idle	0	0	0
SPRING_UPDATE_MOTION	-0.014911319964358	0.15177919459587	0	true	3
SPRING_UPDATE_RESULT	-0.014911319964358	-0.012748156842711	0.13060922960536	true	3
SPRING_REALIGN	-0.012748156842711	3	0	12613.333333333
SPRING_UPDATE_SCROLL	-0.012748156842711	3	false	false	false	idle	0	0	0
SPRING_UPDATE_MOTION	-0.012748156842711	0.13060922960536	0	true	3
SPRING_UPDATE_RESULT	-0.012748156842711	-0.010871547466963	0.11181275513147	true	3
SPRING_REALIGN	-0.010871547466963	3	0	12613.333333333
SPRING_UPDATE_SCROLL	-0.010871547466963	3	false	false	false	idle	0	0	0
SPRING_UPDATE_MOTION	-0.010871547466963	0.11181275513147	0	true	3
SPRING_STOP_MOTION	0	0.096039220527997	0	3
SPRING_UPDATE_RESULT	-0.010871547466963	0	0	false	nil
SPRING_REALIGN	0	nil	0	12613.333333333
Full Rebuild in: 1.000000 ms
SPRING_REALIGN	0	nil	0	12613.333333333
SPRING_UPDATE_SCROLL	0	nil	false	false	false	pressed	0	0	0
SPRING_STOP_MOTION	0	0	0	nil
SPRING_PRESS	1063	219	0
SPRING_UPDATE_MOTION	0	0	0	false	nil
SPRING_START_SNAP	0	0	81.904761904762
SPRING_UPDATE_RESULT	0	0	0	true	nil
SPRING_REALIGN	0	nil	0	12613.333333333
BUTTON_PRESS	5000	881.33333333333	173.2380952381	372	75.238095238095
SPRING_UPDATE_SCROLL	0	nil	false	true	false	held	0	0	0
SPRING_DRAG_PENDING	1063	219	1063	219	0
SPRING_UPDATE_MOTION	0	0	0	true	nil
SPRING_STOP_MOTION	0	0	0	nil
SPRING_UPDATE_RESULT	0	0	0	false	nil
SPRING_UPDATE_SCROLL	0	nil	false	true	false	held	0	0	0
SPRING_DRAG_PENDING	1063	219	1063	219	0
SPRING_UPDATE_MOTION	0	0	0	false	nil
SPRING_START_SNAP	0	0	81.904761904762
SPRING_UPDATE_RESULT	0	0	0	true	nil
SPRING_UPDATE_SCROLL	0	nil	false	true	false	held	0	0	0
SPRING_DRAG_PENDING	1063	219	1063	219	0
SPRING_UPDATE_MOTION	0	0	0	true	nil
SPRING_STOP_MOTION	0	0	0	nil
SPRING_UPDATE_RESULT	0	0	0	false	nil
SPRING_UPDATE_SCROLL	0	nil	false	true	false	held	0	0	0
SPRING_DRAG_PENDING	1063	219	1063	219	0
SPRING_UPDATE_MOTION	0	0	0	false	nil
SPRING_START_SNAP	0	0	81.904761904762
SPRING_UPDATE_RESULT	0	0	0	true	nil
SPRING_UPDATE_SCROLL	0	nil	false	true	false	held	0	0	0
SPRING_DRAG_PENDING	1063	219	1063	219	0
SPRING_UPDATE_MOTION	0	0	0	true	nil
SPRING_STOP_MOTION	0	0	0	nil
SPRING_UPDATE_RESULT	0	0	0	false	nil
SPRING_UPDATE_SCROLL	0	nil	false	true	false	released	0	0	0
SPRING_DRAG_RELEASE	false	0	0	0
SPRING_UPDATE_MOTION	0	0	0	false	nil
SPRING_START_SNAP	0	0	81.904761904762
SPRING_UPDATE_RESULT	0	0	0	true	nil
BUTTON_RELEASE	true	5000	5000
ACTION_SELECT_BEATMAP	2	false
ACTION_SELECT_SCROLL_TO	2	2
Full Rebuild in: 0.000000 ms
SPRING_REALIGN	0	2	0	12613.333333333
SPRING_UPDATE_SCROLL	0	2	false	false	false	idle	0	0	0
SPRING_UPDATE_MOTION	0	0	0	true	2
SPRING_STOP_MOTION	0	0	0	2
SPRING_UPDATE_RESULT	0	0	0	false	nil
SPRING_UPDATE_SCROLL	0	nil	false	false	false	pressed	0	0	0
SPRING_STOP_MOTION	0	0	0	nil
SPRING_PRESS	1060	371	0
SPRING_UPDATE_MOTION	0	0	0	false	nil
SPRING_START_SNAP	0	0	81.904761904762
SPRING_UPDATE_RESULT	0	0	0	true	nil
SPR